iucn_sid,sciname,assess_gp,rank,desc
133411,Acanthastrea bowerbanki,reef_building_corals,Cnidaria,reef-building corals
133557,Acanthastrea brevis,reef_building_corals,Cnidaria,reef-building corals
133624,Acanthastrea faviaformis,reef_building_corals,Cnidaria,reef-building corals
133642,Acanthastrea hemprichii,reef_building_corals,Cnidaria,reef-building corals
133106,Acanthastrea hillae,reef_building_corals,Cnidaria,reef-building corals
133376,Acanthastrea ishigakiensis,reef_building_corals,Cnidaria,reef-building corals
133366,Acanthastrea lordhowensis,reef_building_corals,Cnidaria,reef-building corals
133490,Acanthastrea maxima,reef_building_corals,Cnidaria,reef-building corals
133326,Acanthastrea regularis,reef_building_corals,Cnidaria,reef-building corals
133386,Acanthastrea rotundoflora,reef_building_corals,Cnidaria,reef-building corals
132929,Acanthastrea subechinata,reef_building_corals,Cnidaria,reef-building corals
133133,Acropora abrolhosensis,reef_building_corals,Cnidaria,reef-building corals
133463,Acropora aculeus,reef_building_corals,Cnidaria,reef-building corals
132940,Acropora acuminata,reef_building_corals,Cnidaria,reef-building corals
133513,Acropora anthocercis,reef_building_corals,Cnidaria,reef-building corals
133195,Acropora appressa,reef_building_corals,Cnidaria,reef-building corals
133604,Acropora arabensis,reef_building_corals,Cnidaria,reef-building corals
133132,Acropora aspera,reef_building_corals,Cnidaria,reef-building corals
133160,Acropora austera,reef_building_corals,Cnidaria,reef-building corals
133583,Acropora awi,reef_building_corals,Cnidaria,reef-building corals
133283,Acropora batunai,reef_building_corals,Cnidaria,reef-building corals
132933,Acropora carduus,reef_building_corals,Cnidaria,reef-building corals
133112,Acropora caroliniana,reef_building_corals,Cnidaria,reef-building corals
133381,Acropora cervicornis,reef_building_corals,Cnidaria,reef-building corals
133322,Acropora dendrum,reef_building_corals,Cnidaria,reef-building corals
132984,Acropora derawanensis,reef_building_corals,Cnidaria,reef-building corals
133396,Acropora desalwii,reef_building_corals,Cnidaria,reef-building corals
133250,Acropora digitifera,reef_building_corals,Cnidaria,reef-building corals
132910,Acropora divaricata,reef_building_corals,Cnidaria,reef-building corals
133223,Acropora donei,reef_building_corals,Cnidaria,reef-building corals
133661,Acropora echinata,reef_building_corals,Cnidaria,reef-building corals
133688,Acropora elegans,reef_building_corals,Cnidaria,reef-building corals
132869,Acropora florida,reef_building_corals,Cnidaria,reef-building corals
133644,Acropora formosa,reef_building_corals,Cnidaria,reef-building corals
133550,Acropora glauca,reef_building_corals,Cnidaria,reef-building corals
133387,Acropora globiceps,reef_building_corals,Cnidaria,reef-building corals
132948,Acropora granulosa,reef_building_corals,Cnidaria,reef-building corals
132981,Acropora hemprichii,reef_building_corals,Cnidaria,reef-building corals
133401,Acropora hoeksemai,reef_building_corals,Cnidaria,reef-building corals
133319,Acropora horrida,reef_building_corals,Cnidaria,reef-building corals
132992,Acropora humilis,reef_building_corals,Cnidaria,reef-building corals
133479,Acropora hyacinthus,reef_building_corals,Cnidaria,reef-building corals
133600,Acropora indonesia,reef_building_corals,Cnidaria,reef-building corals
133617,Acropora jacquelineae,reef_building_corals,Cnidaria,reef-building corals
133233,Acropora kimbeensis,reef_building_corals,Cnidaria,reef-building corals
133081,Acropora kirstyae,reef_building_corals,Cnidaria,reef-building corals
133500,Acropora kosurini,reef_building_corals,Cnidaria,reef-building corals
132969,Acropora listeri,reef_building_corals,Cnidaria,reef-building corals
133394,Acropora loisetteae,reef_building_corals,Cnidaria,reef-building corals
133294,Acropora lokani,reef_building_corals,Cnidaria,reef-building corals
132976,Acropora loripes,reef_building_corals,Cnidaria,reef-building corals
133327,Acropora lovelli,reef_building_corals,Cnidaria,reef-building corals
133303,Acropora lutkeni,reef_building_corals,Cnidaria,reef-building corals
133359,Acropora microclados,reef_building_corals,Cnidaria,reef-building corals
133666,Acropora millepora,reef_building_corals,Cnidaria,reef-building corals
133315,Acropora monticulosa,reef_building_corals,Cnidaria,reef-building corals
132990,Acropora multiacuta,reef_building_corals,Cnidaria,reef-building corals
133698,Acropora nana,reef_building_corals,Cnidaria,reef-building corals
133239,Acropora nasuta,reef_building_corals,Cnidaria,reef-building corals
133006,Acropora palmata,reef_building_corals,Cnidaria,reef-building corals
133531,Acropora palmerae,reef_building_corals,Cnidaria,reef-building corals
132972,Acropora paniculata,reef_building_corals,Cnidaria,reef-building corals
133494,Acropora papillare,reef_building_corals,Cnidaria,reef-building corals
133247,Acropora pharaonis,reef_building_corals,Cnidaria,reef-building corals
133639,Acropora pichoni,reef_building_corals,Cnidaria,reef-building corals
132935,Acropora plumosa,reef_building_corals,Cnidaria,reef-building corals
133647,Acropora polystoma,reef_building_corals,Cnidaria,reef-building corals
133115,Acropora retusa,reef_building_corals,Cnidaria,reef-building corals
133206,Acropora roseni,reef_building_corals,Cnidaria,reef-building corals
132913,Acropora rudis,reef_building_corals,Cnidaria,reef-building corals
133164,Acropora russelli,reef_building_corals,Cnidaria,reef-building corals
132888,Acropora secale,reef_building_corals,Cnidaria,reef-building corals
133080,Acropora selago,reef_building_corals,Cnidaria,reef-building corals
133427,Acropora simplex,reef_building_corals,Cnidaria,reef-building corals
133320,Acropora solitaryensis,reef_building_corals,Cnidaria,reef-building corals
133338,Acropora speciosa,reef_building_corals,Cnidaria,reef-building corals
133432,Acropora spicifera,reef_building_corals,Cnidaria,reef-building corals
133291,Acropora striata,reef_building_corals,Cnidaria,reef-building corals
133254,Acropora suharsonoi,reef_building_corals,Cnidaria,reef-building corals
133203,Acropora tenella,reef_building_corals,Cnidaria,reef-building corals
133020,Acropora tenuis,reef_building_corals,Cnidaria,reef-building corals
132909,Acropora turaki,reef_building_corals,Cnidaria,reef-building corals
133025,Acropora vaughani,reef_building_corals,Cnidaria,reef-building corals
133532,Acropora verweyi,reef_building_corals,Cnidaria,reef-building corals
133441,Acropora walindii,reef_building_corals,Cnidaria,reef-building corals
132931,Acropora willisae,reef_building_corals,Cnidaria,reef-building corals
132970,Agaricia lamarcki,reef_building_corals,Cnidaria,reef-building corals
133439,Agaricia tenuifolia,reef_building_corals,Cnidaria,reef-building corals
133332,Alveopora allingi,reef_building_corals,Cnidaria,reef-building corals
132905,Alveopora catalai,reef_building_corals,Cnidaria,reef-building corals
133093,Alveopora daedalea,reef_building_corals,Cnidaria,reef-building corals
133464,Alveopora excelsa,reef_building_corals,Cnidaria,reef-building corals
133523,Alveopora fenestrata,reef_building_corals,Cnidaria,reef-building corals
133501,Alveopora gigas,reef_building_corals,Cnidaria,reef-building corals
132865,Alveopora japonica,reef_building_corals,Cnidaria,reef-building corals
132896,Alveopora marionensis,reef_building_corals,Cnidaria,reef-building corals
133467,Alveopora minuta,reef_building_corals,Cnidaria,reef-building corals
133482,Alveopora spongiosa,reef_building_corals,Cnidaria,reef-building corals
133156,Alveopora verrilliana,reef_building_corals,Cnidaria,reef-building corals
133567,Alveopora viridis,reef_building_corals,Cnidaria,reef-building corals
132973,Anacropora matthai,reef_building_corals,Cnidaria,reef-building corals
133415,Anacropora puertogalerae,reef_building_corals,Cnidaria,reef-building corals
133689,Anacropora reticulata,reef_building_corals,Cnidaria,reef-building corals
133046,Anacropora spinosa,reef_building_corals,Cnidaria,reef-building corals
133484,Anomastraea irregularis,reef_building_corals,Cnidaria,reef-building corals
133069,Astreopora cucullata,reef_building_corals,Cnidaria,reef-building corals
133227,Astreopora expansa,reef_building_corals,Cnidaria,reef-building corals
133092,Astreopora incrustans,reef_building_corals,Cnidaria,reef-building corals
133306,Astreopora macrostoma,reef_building_corals,Cnidaria,reef-building corals
133174,Astreopora moretonensis,reef_building_corals,Cnidaria,reef-building corals
133620,Australogyra zelli,reef_building_corals,Cnidaria,reef-building corals
133573,Australomussa rowleyensis,reef_building_corals,Cnidaria,reef-building corals
133383,Barabattoia laddi,reef_building_corals,Cnidaria,reef-building corals
133253,Blastomussa wellsi,reef_building_corals,Cnidaria,reef-building corals
133384,Cantharellus noumeae,reef_building_corals,Cnidaria,reef-building corals
132890,Catalaphyllia jardinei,reef_building_corals,Cnidaria,reef-building corals
133287,Caulastrea connata,reef_building_corals,Cnidaria,reef-building corals
133695,Caulastrea curvata,reef_building_corals,Cnidaria,reef-building corals
133497,Caulastrea echinulata,reef_building_corals,Cnidaria,reef-building corals
133405,Caulastrea tumida,reef_building_corals,Cnidaria,reef-building corals
133142,Cladocora caespitosa,reef_building_corals,Cnidaria,reef-building corals
132991,Coscinaraea crassa,reef_building_corals,Cnidaria,reef-building corals
133684,Coscinaraea hahazimaensis,reef_building_corals,Cnidaria,reef-building corals
133083,Ctenactis albitentaculata,reef_building_corals,Cnidaria,reef-building corals
133701,Ctenella chagius,reef_building_corals,Cnidaria,reef-building corals
133413,Cynarina lacrymalis,reef_building_corals,Cnidaria,reef-building corals
133628,Cyphastrea agassizi,reef_building_corals,Cnidaria,reef-building corals
133506,Cyphastrea hexasepta,reef_building_corals,Cnidaria,reef-building corals
133321,Cyphastrea ocellina,reef_building_corals,Cnidaria,reef-building corals
133124,Dendrogyra cylindrus,reef_building_corals,Cnidaria,reef-building corals
133102,Dichocoenia stokesii,reef_building_corals,Cnidaria,reef-building corals
133231,Diploastrea heliopora,reef_building_corals,Cnidaria,reef-building corals
133114,Duncanopsammia axifuga,reef_building_corals,Cnidaria,reef-building corals
132907,Echinomorpha nishihirai,reef_building_corals,Cnidaria,reef-building corals
133656,Echinophyllia costata,reef_building_corals,Cnidaria,reef-building corals
132920,Echinopora ashmorensis,reef_building_corals,Cnidaria,reef-building corals
133687,Echinopora forskaliana,reef_building_corals,Cnidaria,reef-building corals
133554,Echinopora fruticulosa,reef_building_corals,Cnidaria,reef-building corals
133429,Echinopora horrida,reef_building_corals,Cnidaria,reef-building corals
133040,Echinopora mammiformis,reef_building_corals,Cnidaria,reef-building corals
133243,Echinopora pacificus,reef_building_corals,Cnidaria,reef-building corals
133369,Echinopora robusta,reef_building_corals,Cnidaria,reef-building corals
133447,Echinopora taylorae,reef_building_corals,Cnidaria,reef-building corals
133631,Erythrastrea flabellata,reef_building_corals,Cnidaria,reef-building corals
133173,Euphyllia ancora,reef_building_corals,Cnidaria,reef-building corals
133588,Euphyllia cristata,reef_building_corals,Cnidaria,reef-building corals
133225,Euphyllia divisa,reef_building_corals,Cnidaria,reef-building corals
133256,Euphyllia glabrescens,reef_building_corals,Cnidaria,reef-building corals
133289,Euphyllia paraancora,reef_building_corals,Cnidaria,reef-building corals
133057,Euphyllia paradivisa,reef_building_corals,Cnidaria,reef-building corals
133228,Euphyllia paraglabrescens,reef_building_corals,Cnidaria,reef-building corals
132967,Euphyllia yaeyamaensis,reef_building_corals,Cnidaria,reef-building corals
133009,Favia albidus,reef_building_corals,Cnidaria,reef-building corals
133601,Favia helianthoides,reef_building_corals,Cnidaria,reef-building corals
133151,Favia lacuna,reef_building_corals,Cnidaria,reef-building corals
133392,Favia laxa,reef_building_corals,Cnidaria,reef-building corals
133510,Favia lizardensis,reef_building_corals,Cnidaria,reef-building corals
133638,Favia maritima,reef_building_corals,Cnidaria,reef-building corals
133136,Favia marshae,reef_building_corals,Cnidaria,reef-building corals
133616,Favia matthaii,reef_building_corals,Cnidaria,reef-building corals
132878,Favia maxima,reef_building_corals,Cnidaria,reef-building corals
132899,Favia rosaria,reef_building_corals,Cnidaria,reef-building corals
133307,Favia rotundata,reef_building_corals,Cnidaria,reef-building corals
133593,Favia stelligera,reef_building_corals,Cnidaria,reef-building corals
132894,Favia veroni,reef_building_corals,Cnidaria,reef-building corals
132872,Favia vietnamensis,reef_building_corals,Cnidaria,reef-building corals
133290,Favites abdita,reef_building_corals,Cnidaria,reef-building corals
133078,Favites acuticollis,reef_building_corals,Cnidaria,reef-building corals
133578,Favites bestae,reef_building_corals,Cnidaria,reef-building corals
133654,Favites chinensis,reef_building_corals,Cnidaria,reef-building corals
132979,Favites complanata,reef_building_corals,Cnidaria,reef-building corals
133244,Favites flexuosa,reef_building_corals,Cnidaria,reef-building corals
133055,Favites halicora,reef_building_corals,Cnidaria,reef-building corals
133630,Favites micropentagona,reef_building_corals,Cnidaria,reef-building corals
133650,Favites paraflexuosa,reef_building_corals,Cnidaria,reef-building corals
133343,Favites russelli,reef_building_corals,Cnidaria,reef-building corals
133577,Favites spinosa,reef_building_corals,Cnidaria,reef-building corals
133629,Favites stylifera,reef_building_corals,Cnidaria,reef-building corals
132994,Favites vasta,reef_building_corals,Cnidaria,reef-building corals
133036,Fungia curvata,reef_building_corals,Cnidaria,reef-building corals
133503,Fungia fungites,reef_building_corals,Cnidaria,reef-building corals
132996,Fungia seychellensis,reef_building_corals,Cnidaria,reef-building corals
132964,Fungia taiwanensis,reef_building_corals,Cnidaria,reef-building corals
133109,Galaxea acrhelia,reef_building_corals,Cnidaria,reef-building corals
133354,Galaxea astreata,reef_building_corals,Cnidaria,reef-building corals
133019,Galaxea cryptoramosa,reef_building_corals,Cnidaria,reef-building corals
133662,Galaxea fascicularis,reef_building_corals,Cnidaria,reef-building corals
133180,Galaxea longisepta,reef_building_corals,Cnidaria,reef-building corals
133236,Galaxea paucisepta,reef_building_corals,Cnidaria,reef-building corals
132868,Goniastrea columella,reef_building_corals,Cnidaria,reef-building corals
133074,Goniastrea deformis,reef_building_corals,Cnidaria,reef-building corals
133060,Goniastrea favulus,reef_building_corals,Cnidaria,reef-building corals
133101,Goniastrea minuta,reef_building_corals,Cnidaria,reef-building corals
133560,Goniastrea palauensis,reef_building_corals,Cnidaria,reef-building corals
133627,Goniastrea peresi,reef_building_corals,Cnidaria,reef-building corals
133515,Goniastrea ramosa,reef_building_corals,Cnidaria,reef-building corals
133665,Goniastrea thecata,reef_building_corals,Cnidaria,reef-building corals
133368,Goniopora albiconus,reef_building_corals,Cnidaria,reef-building corals
133391,Goniopora burgosi,reef_building_corals,Cnidaria,reef-building corals
132898,Goniopora cellulosa,reef_building_corals,Cnidaria,reef-building corals
133448,Goniopora columna,reef_building_corals,Cnidaria,reef-building corals
133459,Goniopora lobata,reef_building_corals,Cnidaria,reef-building corals
133607,Goniopora minor,reef_building_corals,Cnidaria,reef-building corals
132995,Goniopora planulata,reef_building_corals,Cnidaria,reef-building corals
133014,Goniopora polyformis,reef_building_corals,Cnidaria,reef-building corals
133668,Goniopora stokesi,reef_building_corals,Cnidaria,reef-building corals
132879,Goniopora tenella,reef_building_corals,Cnidaria,reef-building corals
132968,Halomitra clavator,reef_building_corals,Cnidaria,reef-building corals
133269,Heliofungia actiniformis,reef_building_corals,Cnidaria,reef-building corals
133193,Heliopora coerulea,reef_building_corals,Cnidaria,reef-building corals
133671,Heteropsammia eupsammides,reef_building_corals,Cnidaria,reef-building corals
133529,Horastrea indica,reef_building_corals,Cnidaria,reef-building corals
133108,Hydnophora bonsai,reef_building_corals,Cnidaria,reef-building corals
133478,Hydnophora exesa,reef_building_corals,Cnidaria,reef-building corals
133458,Hydnophora microconos,reef_building_corals,Cnidaria,reef-building corals
133182,Isopora brueggemanni,reef_building_corals,Cnidaria,reef-building corals
133472,Isopora crateriformis,reef_building_corals,Cnidaria,reef-building corals
133660,Isopora cuneata,reef_building_corals,Cnidaria,reef-building corals
133139,Isopora palifera,reef_building_corals,Cnidaria,reef-building corals
133602,Isopora togianensis,reef_building_corals,Cnidaria,reef-building corals
133542,Leptastrea aequalis,reef_building_corals,Cnidaria,reef-building corals
133003,Leptastrea bewickensis,reef_building_corals,Cnidaria,reef-building corals
132983,Leptastrea bottae,reef_building_corals,Cnidaria,reef-building corals
133424,Leptastrea inaequalis,reef_building_corals,Cnidaria,reef-building corals
133310,Leptoria irregularis,reef_building_corals,Cnidaria,reef-building corals
132980,Leptoria phrygia,reef_building_corals,Cnidaria,reef-building corals
132901,Leptoseris amitoriensis,reef_building_corals,Cnidaria,reef-building corals
133539,Leptoseris incrustans,reef_building_corals,Cnidaria,reef-building corals
132927,Leptoseris striata,reef_building_corals,Cnidaria,reef-building corals
133147,Leptoseris yabei,reef_building_corals,Cnidaria,reef-building corals
133517,Lithophyllon ranjithi,reef_building_corals,Cnidaria,reef-building corals
133213,Lithophyllon undulatum,reef_building_corals,Cnidaria,reef-building corals
133565,Lobophyllia dentatus,reef_building_corals,Cnidaria,reef-building corals
133619,Lobophyllia diminuta,reef_building_corals,Cnidaria,reef-building corals
133032,Lobophyllia flabelliformis,reef_building_corals,Cnidaria,reef-building corals
133152,Lobophyllia pachysepta,reef_building_corals,Cnidaria,reef-building corals
133226,Lobophyllia serratus,reef_building_corals,Cnidaria,reef-building corals
133470,Micromussa amakusensis,reef_building_corals,Cnidaria,reef-building corals
133670,Micromussa minuta,reef_building_corals,Cnidaria,reef-building corals
133300,Millepora boschmai,reef_building_corals,Cnidaria,reef-building corals
133612,Millepora foveolata,reef_building_corals,Cnidaria,reef-building corals
133276,Millepora latifolia,reef_building_corals,Cnidaria,reef-building corals
133603,Millepora murrayi,reef_building_corals,Cnidaria,reef-building corals
133466,Millepora striata,reef_building_corals,Cnidaria,reef-building corals
133331,Millepora tuberosa,reef_building_corals,Cnidaria,reef-building corals
133134,Montastraea annularis,reef_building_corals,Cnidaria,reef-building corals
133373,Montastraea faveolata,reef_building_corals,Cnidaria,reef-building corals
133012,Montastraea franksi,reef_building_corals,Cnidaria,reef-building corals
133178,Montastrea annuligera,reef_building_corals,Cnidaria,reef-building corals
133070,Montastrea colemani,reef_building_corals,Cnidaria,reef-building corals
132978,Montastrea magnistellata,reef_building_corals,Cnidaria,reef-building corals
133374,Montastrea multipunctata,reef_building_corals,Cnidaria,reef-building corals
133162,Montastrea salebrosa,reef_building_corals,Cnidaria,reef-building corals
133263,Montastrea serageldini,reef_building_corals,Cnidaria,reef-building corals
132997,Montastrea valenciennesi,reef_building_corals,Cnidaria,reef-building corals
133696,Montipora altasepta,reef_building_corals,Cnidaria,reef-building corals
132866,Montipora angulata,reef_building_corals,Cnidaria,reef-building corals
133443,Montipora australiensis,reef_building_corals,Cnidaria,reef-building corals
133113,Montipora cactus,reef_building_corals,Cnidaria,reef-building corals
133185,Montipora calcarea,reef_building_corals,Cnidaria,reef-building corals
133220,Montipora caliculata,reef_building_corals,Cnidaria,reef-building corals
133622,Montipora capitata,reef_building_corals,Cnidaria,reef-building corals
133422,Montipora capricornis,reef_building_corals,Cnidaria,reef-building corals
133623,Montipora cebuensis,reef_building_corals,Cnidaria,reef-building corals
133460,Montipora cocosensis,reef_building_corals,Cnidaria,reef-building corals
133367,Montipora confusa,reef_building_corals,Cnidaria,reef-building corals
133375,Montipora corbettensis,reef_building_corals,Cnidaria,reef-building corals
133433,Montipora crassituberculata,reef_building_corals,Cnidaria,reef-building corals
133342,Montipora cryptus,reef_building_corals,Cnidaria,reef-building corals
133489,Montipora delicatula,reef_building_corals,Cnidaria,reef-building corals
133170,Montipora dilatata,reef_building_corals,Cnidaria,reef-building corals
133175,Montipora efflorescens,reef_building_corals,Cnidaria,reef-building corals
133031,Montipora effusa,reef_building_corals,Cnidaria,reef-building corals
133229,Montipora flabellata,reef_building_corals,Cnidaria,reef-building corals
133064,Montipora florida,reef_building_corals,Cnidaria,reef-building corals
133071,Montipora foliosa,reef_building_corals,Cnidaria,reef-building corals
133438,Montipora foveolata,reef_building_corals,Cnidaria,reef-building corals
133131,Montipora friabilis,reef_building_corals,Cnidaria,reef-building corals
132930,Montipora gaimardi,reef_building_corals,Cnidaria,reef-building corals
133580,Montipora hirsuta,reef_building_corals,Cnidaria,reef-building corals
132892,Montipora hodgsoni,reef_building_corals,Cnidaria,reef-building corals
133196,Montipora incrassata,reef_building_corals,Cnidaria,reef-building corals
133117,Montipora lobulata,reef_building_corals,Cnidaria,reef-building corals
133434,Montipora mactanensis,reef_building_corals,Cnidaria,reef-building corals
133007,Montipora malampaya,reef_building_corals,Cnidaria,reef-building corals
133079,Montipora meandrina,reef_building_corals,Cnidaria,reef-building corals
133022,Montipora niugini,reef_building_corals,Cnidaria,reef-building corals
132944,Montipora nodosa,reef_building_corals,Cnidaria,reef-building corals
132932,Montipora orientalis,reef_building_corals,Cnidaria,reef-building corals
133285,Montipora palawanensis,reef_building_corals,Cnidaria,reef-building corals
132942,Montipora patula,reef_building_corals,Cnidaria,reef-building corals
133563,Montipora peltiformis,reef_building_corals,Cnidaria,reef-building corals
133191,Montipora porites,reef_building_corals,Cnidaria,reef-building corals
133404,Montipora samarensis,reef_building_corals,Cnidaria,reef-building corals
133111,Montipora saudii,reef_building_corals,Cnidaria,reef-building corals
133361,Montipora setosa,reef_building_corals,Cnidaria,reef-building corals
132977,Montipora stilosa,reef_building_corals,Cnidaria,reef-building corals
133450,Montipora turtlensis,reef_building_corals,Cnidaria,reef-building corals
133599,Montipora undata,reef_building_corals,Cnidaria,reef-building corals
133635,Montipora venosa,reef_building_corals,Cnidaria,reef-building corals
133409,Montipora verruculosus,reef_building_corals,Cnidaria,reef-building corals
133190,Montipora vietnamensis,reef_building_corals,Cnidaria,reef-building corals
132870,Moseleya latistellata,reef_building_corals,Cnidaria,reef-building corals
133335,Mycedium steeni,reef_building_corals,Cnidaria,reef-building corals
133356,Mycetophyllia ferox,reef_building_corals,Cnidaria,reef-building corals
133219,Nemenzophyllia turbida,reef_building_corals,Cnidaria,reef-building corals
133165,Oculina varicosa,reef_building_corals,Cnidaria,reef-building corals
133333,Oulophyllia bennettae,reef_building_corals,Cnidaria,reef-building corals
133200,Oulophyllia crispa,reef_building_corals,Cnidaria,reef-building corals
132924,Pachyseris gemmae,reef_building_corals,Cnidaria,reef-building corals
133664,Pachyseris involuta,reef_building_corals,Cnidaria,reef-building corals
133453,Pachyseris rugosa,reef_building_corals,Cnidaria,reef-building corals
133075,Palauastrea ramosa,reef_building_corals,Cnidaria,reef-building corals
133545,Paraclavarina triangularis,reef_building_corals,Cnidaria,reef-building corals
133692,Parasimplastrea sheppardi,reef_building_corals,Cnidaria,reef-building corals
133360,Pavona bipartita,reef_building_corals,Cnidaria,reef-building corals
133558,Pavona cactus,reef_building_corals,Cnidaria,reef-building corals
133261,Pavona danai,reef_building_corals,Cnidaria,reef-building corals
133041,Pavona decussata,reef_building_corals,Cnidaria,reef-building corals
133581,Pavona diffluens,reef_building_corals,Cnidaria,reef-building corals
132904,Pavona minuta,reef_building_corals,Cnidaria,reef-building corals
132880,Pavona venosa,reef_building_corals,Cnidaria,reef-building corals
133488,Pectinia africanus,reef_building_corals,Cnidaria,reef-building corals
132956,Pectinia alcicornis,reef_building_corals,Cnidaria,reef-building corals
133694,Pectinia ayleni,reef_building_corals,Cnidaria,reef-building corals
132871,Pectinia elongata,reef_building_corals,Cnidaria,reef-building corals
132928,Pectinia lactuca,reef_building_corals,Cnidaria,reef-building corals
133683,Pectinia maxima,reef_building_corals,Cnidaria,reef-building corals
133272,Pectinia paeonia,reef_building_corals,Cnidaria,reef-building corals
132918,Pectinia pygmaeus,reef_building_corals,Cnidaria,reef-building corals
133205,Pectinia teres,reef_building_corals,Cnidaria,reef-building corals
133456,Physogyra lichtensteini,reef_building_corals,Cnidaria,reef-building corals
133508,Platygyra acuta,reef_building_corals,Cnidaria,reef-building corals
133571,Platygyra carnosus,reef_building_corals,Cnidaria,reef-building corals
132893,Platygyra crosslandi,reef_building_corals,Cnidaria,reef-building corals
133651,Platygyra lamellina,reef_building_corals,Cnidaria,reef-building corals
133493,Platygyra ryukyuensis,reef_building_corals,Cnidaria,reef-building corals
133059,Platygyra verweyi,reef_building_corals,Cnidaria,reef-building corals
133067,Platygyra yaeyamaensis,reef_building_corals,Cnidaria,reef-building corals
132974,Plerogyra discus,reef_building_corals,Cnidaria,reef-building corals
133116,Plerogyra simplex,reef_building_corals,Cnidaria,reef-building corals
133258,Plerogyra sinuosa,reef_building_corals,Cnidaria,reef-building corals
133159,Plesiastrea devantieri,reef_building_corals,Cnidaria,reef-building corals
133011,Pocillopora ankeli,reef_building_corals,Cnidaria,reef-building corals
133097,Pocillopora danae,reef_building_corals,Cnidaria,reef-building corals
133099,Pocillopora elegans,reef_building_corals,Cnidaria,reef-building corals
133407,Pocillopora eydouxi,reef_building_corals,Cnidaria,reef-building corals
133552,Pocillopora fungiformis,reef_building_corals,Cnidaria,reef-building corals
133637,Pocillopora indiania,reef_building_corals,Cnidaria,reef-building corals
133309,Pocillopora inflata,reef_building_corals,Cnidaria,reef-building corals
133509,Podabacia motuporensis,reef_building_corals,Cnidaria,reef-building corals
133372,Polyphyllia novaehiberniae,reef_building_corals,Cnidaria,reef-building corals
133262,Porites annae,reef_building_corals,Cnidaria,reef-building corals
133150,Porites aranetai,reef_building_corals,Cnidaria,reef-building corals
133107,Porites attenuata,reef_building_corals,Cnidaria,reef-building corals
132921,Porites branneri,reef_building_corals,Cnidaria,reef-building corals
133499,Porites cocosensis,reef_building_corals,Cnidaria,reef-building corals
133123,Porites cumulatus,reef_building_corals,Cnidaria,reef-building corals
133496,Porites cylindrica,reef_building_corals,Cnidaria,reef-building corals
133555,Porites deformis,reef_building_corals,Cnidaria,reef-building corals
132873,Porites densa,reef_building_corals,Cnidaria,reef-building corals
132959,Porites desilveri,reef_building_corals,Cnidaria,reef-building corals
133572,Porites echinulata,reef_building_corals,Cnidaria,reef-building corals
132897,Porites eridani,reef_building_corals,Cnidaria,reef-building corals
133445,Porites harrisoni,reef_building_corals,Cnidaria,reef-building corals
133486,Porites horizontalata,reef_building_corals,Cnidaria,reef-building corals
133216,Porites lobata,reef_building_corals,Cnidaria,reef-building corals
133105,Porites murrayensis,reef_building_corals,Cnidaria,reef-building corals
133358,Porites napopora,reef_building_corals,Cnidaria,reef-building corals
133211,Porites negrosensis,reef_building_corals,Cnidaria,reef-building corals
133038,Porites nigrescens,reef_building_corals,Cnidaria,reef-building corals
133399,Porites okinawensis,reef_building_corals,Cnidaria,reef-building corals
133301,Porites ornata,reef_building_corals,Cnidaria,reef-building corals
133574,Porites pukoensis,reef_building_corals,Cnidaria,reef-building corals
133568,Porites rugosa,reef_building_corals,Cnidaria,reef-building corals
133118,Porites sillimaniana,reef_building_corals,Cnidaria,reef-building corals
133645,Porites somaliensis,reef_building_corals,Cnidaria,reef-building corals
133329,Porites stephensoni,reef_building_corals,Cnidaria,reef-building corals
133512,Porites sverdrupi,reef_building_corals,Cnidaria,reef-building corals
133296,Porites tuberculosa,reef_building_corals,Cnidaria,reef-building corals
133540,Poritipora paliformis,reef_building_corals,Cnidaria,reef-building corals
133208,Psammocora contigua,reef_building_corals,Cnidaria,reef-building corals
133043,Psammocora digitata,reef_building_corals,Cnidaria,reef-building corals
133353,Psammocora obtusangula,reef_building_corals,Cnidaria,reef-building corals
132860,Psammocora stellata,reef_building_corals,Cnidaria,reef-building corals
133676,Psammocora vaughani,reef_building_corals,Cnidaria,reef-building corals
133585,Pseudosiderastrea tayami,reef_building_corals,Cnidaria,reef-building corals
133157,Scolymia vitiensis,reef_building_corals,Cnidaria,reef-building corals
133526,Seriatopora aculeata,reef_building_corals,Cnidaria,reef-building corals
133028,Seriatopora caliendrum,reef_building_corals,Cnidaria,reef-building corals
133435,Seriatopora dendritica,reef_building_corals,Cnidaria,reef-building corals
133002,Seriatopora stellata,reef_building_corals,Cnidaria,reef-building corals
133121,Siderastrea glynni,reef_building_corals,Cnidaria,reef-building corals
133145,Stylocoeniella cocosensis,reef_building_corals,Cnidaria,reef-building corals
132943,Stylophora madagascarensis,reef_building_corals,Cnidaria,reef-building corals
133685,Stylophora pistillata,reef_building_corals,Cnidaria,reef-building corals
133251,Stylophora wellsi,reef_building_corals,Cnidaria,reef-building corals
133126,Symphyllia hassi,reef_building_corals,Cnidaria,reef-building corals
133260,Trachyphyllia geoffroyi,reef_building_corals,Cnidaria,reef-building corals
132957,Turbinaria bifrons,reef_building_corals,Cnidaria,reef-building corals
133235,Turbinaria heronensis,reef_building_corals,Cnidaria,reef-building corals
133633,Turbinaria mesenterina,reef_building_corals,Cnidaria,reef-building corals
133177,Turbinaria patula,reef_building_corals,Cnidaria,reef-building corals
133498,Turbinaria peltata,reef_building_corals,Cnidaria,reef-building corals
132985,Turbinaria radicalis,reef_building_corals,Cnidaria,reef-building corals
133697,Turbinaria reniformis,reef_building_corals,Cnidaria,reef-building corals
133403,Turbinaria stellulata,reef_building_corals,Cnidaria,reef-building corals
1793,Aonyx capensis,mammals,Mammalia,mammals
44166,Aonyx cinereus,mammals,Mammalia,mammals
72050476,Arctocephalus australis Peruvian/Northern Chilean subpopulation,mammals,Mammalia,mammals
2057,Arctocephalus galapagoensis,mammals,Mammalia,mammals
2468,Balaena mysticetus Bering-Chukchi-Beaufort Sea subpopulation,mammals,Mammalia,mammals
2472,Balaena mysticetus East Greenland-Svalbard-Barents Sea subpopulation,mammals,Mammalia,mammals
2469,Balaena mysticetus Okhotsk Sea subpopulation,mammals,Mammalia,mammals
2480,Balaenoptera bonaerensis,mammals,Mammalia,mammals
2475,Balaenoptera borealis,mammals,Mammalia,mammals
117636167,Balaenoptera edeni Gulf of Mexico subpopulation,mammals,Mammalia,mammals
2477,Balaenoptera musculus,mammals,Mammalia,mammals
2478,Balaenoptera physalus,mammals,Mammalia,mammals
3590,Callorhinus ursinus,mammals,Mammalia,mammals
4160,Cephalorhynchus eutropia,mammals,Mammalia,mammals
4161,Cephalorhynchus heavisidii,mammals,Mammalia,mammals
4162,Cephalorhynchus hectori,mammals,Mammalia,mammals
6204,Cystophora cristata,mammals,Mammalia,mammals
61442,Delphinapterus leucas Cook Inlet subpopulation,mammals,Mammalia,mammals
41762,Delphinus delphis Mediterranean subpopulation,mammals,Mammalia,mammals
6909,Dugong dugon,mammals,Mammalia,mammals
157011948,Dugong dugon Nansei subpopulation,mammals,Mammalia,mammals
7750,Enhydra lutris,mammals,Mammalia,mammals
8099,Eschrichtius robustus western subpopulation,mammals,Mammalia,mammals
41712,Eubalaena glacialis,mammals,Mammalia,mammals
41711,Eubalaena japonica,mammals,Mammalia,mammals
8239,Eumetopias jubatus,mammals,Mammalia,mammals
134820643,Lagenorhynchus obscurus ssp. posidonia,mammals,Mammalia,mammals
12303,Lontra felina,mammals,Mammalia,mammals
12305,Lontra provocax,mammals,Mammalia,mammals
12419,Lutra lutra,mammals,Mammalia,mammals
12421,Lutra sumatrana,mammals,Mammalia,mammals
12427,Lutrogale perspicillata,mammals,Mammalia,mammals
13653,Monachus monachus,mammals,Mammalia,mammals
13654,Neomonachus schauinslandi,mammals,Mammalia,mammals
14549,Neophoca cinerea,mammals,Mammalia,mammals
41754,Neophocaena asiaeorientalis,mammals,Mammalia,mammals
198920,Neophocaena phocaenoides,mammals,Mammalia,mammals
15106,Odobenus rosmarus,mammals,Mammalia,mammals
15419,Orcaella brevirostris,mammals,Mammalia,mammals
136315,Orcaella heinsohni,mammals,Mammalia,mammals
17026,Phocarctos hookeri,mammals,Mammalia,mammals
17031,Phocoena phocoena Baltic Sea subpopulation,mammals,Mammalia,mammals
17028,Phocoena sinus,mammals,Mammalia,mammals
17029,Phocoena spinipinnis,mammals,Mammalia,mammals
41755,Physeter macrocephalus,mammals,Mammalia,mammals
17978,Pontoporia blainvillei,mammals,Mammalia,mammals
41761,Pontoporia blainvillei Rio Grande do Sul/Uruguay subpopulation,mammals,Mammalia,mammals
18596,Pseudorca crassidens,mammals,Mammalia,mammals
181359,Sotalia guianensis,mammals,Mammalia,mammals
82031425,Sousa chinensis,mammals,Mammalia,mammals
82031633,Sousa plumbea,mammals,Mammalia,mammals
82031667,Sousa sahulensis,mammals,Mammalia,mammals
20425,Sousa teuszii,mammals,Mammalia,mammals
22103,Trichechus manatus,mammals,Mammalia,mammals
22104,Trichechus senegalensis,mammals,Mammalia,mammals
41714,Tursiops aduncus,mammals,Mammalia,mammals
194300,Tursiops truncatus Fiordland subpopulation,mammals,Mammalia,mammals
134822416,Tursiops truncatus ssp. gephyreus,mammals,Mammalia,mammals
22823,Ursus maritimus,mammals,Mammalia,mammals
41668,Zalophus wollebaeki,mammals,Mammalia,mammals
178839,Aegialitis rotundifolia,mangrove_plants,Plantae,mangrove plants
178856,Aegiceras floridum,mangrove_plants,Plantae,mangrove plants
178847,Avicennia bicolor,mangrove_plants,Plantae,mangrove plants
178844,Avicennia integra,mangrove_plants,Plantae,mangrove plants
178835,Brownlowia tersa,mangrove_plants,Plantae,mangrove plants
178834,Bruguiera hainesii,mangrove_plants,Plantae,mangrove plants
178808,Camptostemon philippinense,mangrove_plants,Plantae,mangrove plants
178853,Ceriops decandra,mangrove_plants,Plantae,mangrove plants
178815,Heritiera fomes,mangrove_plants,Plantae,mangrove plants
178807,Heritiera globosa,mangrove_plants,Plantae,mangrove plants
178858,Mora oleifera,mangrove_plants,Plantae,mangrove plants
178833,Pelliciera rhizophorae,mangrove_plants,Plantae,mangrove plants
178816,Phoenix paludosa,mangrove_plants,Plantae,mangrove plants
178831,Rhizophora samoensis,mangrove_plants,Plantae,mangrove plants
178799,Sonneratia griffithii,mangrove_plants,Plantae,mangrove plants
178814,Sonneratia ovata,mangrove_plants,Plantae,mangrove plants
178801,Tabebuia palustris,mangrove_plants,Plantae,mangrove plants
173382,Halophila baillonii,seagrasses,Plantae,seagrasses
173342,Halophila beccarii,seagrasses,Plantae,seagrasses
173337,Halophila engelmanni,seagrasses,Plantae,seagrasses
173338,Halophila hawaiiana,seagrasses,Plantae,seagrasses
173381,Halophila nipponica,seagrasses,Plantae,seagrasses
173344,Phyllospadix iwatensis,seagrasses,Plantae,seagrasses
173341,Phyllospadix japonicus,seagrasses,Plantae,seagrasses
173333,Posidonia australis,seagrasses,Plantae,seagrasses
173349,Posidonia sinuosa,seagrasses,Plantae,seagrasses
173339,Zostera asiatica,seagrasses,Plantae,seagrasses
173357,Zostera caespitosa,seagrasses,Plantae,seagrasses
173370,Zostera capensis,seagrasses,Plantae,seagrasses
173335,Zostera caulescens,seagrasses,Plantae,seagrasses
173322,Zostera chilensis,seagrasses,Plantae,seagrasses
173345,Zostera geojeensis,seagrasses,Plantae,seagrasses
183583,Acanthemblemaria atrata,blennies,Actinopterygii,bony fishes
183873,Acanthemblemaria castroi,blennies,Actinopterygii,bony fishes
183525,Acanthemblemaria mangognatha,blennies,Actinopterygii,bony fishes
183968,Acanthemblemaria stephensi,blennies,Actinopterygii,bony fishes
183855,Axoclinus cocoensis,blennies,Actinopterygii,bony fishes
154763,Axoclinus multicinctus,blennies,Actinopterygii,bony fishes
183612,Axoclinus rubinoffi,blennies,Actinopterygii,bony fishes
184004,Chaenopsis schmitti,blennies,Actinopterygii,bony fishes
178999,Clinus latipennis,blennies,Actinopterygii,bony fishes
4982,Clinus spatulatus,blennies,Actinopterygii,bony fishes
48342178,Dactyloscopus insulatus,blennies,Actinopterygii,bony fishes
183482,Dactyloscopus lacteus,blennies,Actinopterygii,bony fishes
183572,Dialommus fuscus,blennies,Actinopterygii,bony fishes
180123,Ecsenius kurti,blennies,Actinopterygii,bony fishes
48342328,Ecsenius randalli,blennies,Actinopterygii,bony fishes
48342364,Ecsenius tigris,blennies,Actinopterygii,bony fishes
48342339,Ecsenius tricolor,blennies,Actinopterygii,bony fishes
47143176,Emblemariopsis pricei,blennies,Actinopterygii,bony fishes
178938,Enneanectes smithi,blennies,Actinopterygii,bony fishes
189747,Enneapterygius leucopunctatus,blennies,Actinopterygii,bony fishes
154700,Enneapterygius namarrgon,blennies,Actinopterygii,bony fishes
48342534,Entomacrodus chapmani,blennies,Actinopterygii,bony fishes
48342221,Entomacrodus solus,blennies,Actinopterygii,bony fishes
183393,Gillellus chathamensis,blennies,Actinopterygii,bony fishes
183943,Gobioclinus dendriticus,blennies,Actinopterygii,bony fishes
183373,Hypsoblennius proteus,blennies,Actinopterygii,bony fishes
154957,Hypsoblennius striatus,blennies,Actinopterygii,bony fishes
183360,Labrisomus jenkinsi,blennies,Actinopterygii,bony fishes
184001,Labrisomus socorroensis,blennies,Actinopterygii,bony fishes
183427,Lepidonectes bimaculatus,blennies,Actinopterygii,bony fishes
155156,Lepidonectes corallicola,blennies,Actinopterygii,bony fishes
185152,Lupinoblennius paivai,blennies,Actinopterygii,bony fishes
46104077,Lupinoblennius vinctus,blennies,Actinopterygii,bony fishes
154817,Malacoctenus zonogaster,blennies,Actinopterygii,bony fishes
183535,Mccoskerichthys sandae,blennies,Actinopterygii,bony fishes
48342288,Medusablennius chani,blennies,Actinopterygii,bony fishes
48342104,Meiacanthus abruptus,blennies,Actinopterygii,bony fishes
48342236,Meiacanthus naevius,blennies,Actinopterygii,bony fishes
48342357,Mimoblennius lineathorax,blennies,Actinopterygii,bony fishes
183221,Myxodagnus sagitta,blennies,Actinopterygii,bony fishes
48342120,Oman ypsilon,blennies,Actinopterygii,bony fishes
48342108,Omobranchus aurosplendidus,blennies,Actinopterygii,bony fishes
48342152,Omobranchus hikkaduwensis,blennies,Actinopterygii,bony fishes
46079873,Omobranchus mekranensis,blennies,Actinopterygii,bony fishes
48342284,Omobranchus smithi,blennies,Actinopterygii,bony fishes
48342396,Ophioblennius clippertonensis,blennies,Actinopterygii,bony fishes
48342467,Parablennius lodosus,blennies,Actinopterygii,bony fishes
48342282,Parablennius serratolineatus,blennies,Actinopterygii,bony fishes
183513,Paraclinus fehlmanni,blennies,Actinopterygii,bony fishes
154986,Paraclinus magdalenae,blennies,Actinopterygii,bony fishes
183896,Paraclinus walkeri,blennies,Actinopterygii,bony fishes
183705,Platygillellus altivelis,blennies,Actinopterygii,bony fishes
183694,Platygillellus bussingi,blennies,Actinopterygii,bony fishes
183794,Platygillellus rubellulus,blennies,Actinopterygii,bony fishes
48342342,Praealticus natalis,blennies,Actinopterygii,bony fishes
185163,Scartella nuchifilis,blennies,Actinopterygii,bony fishes
185147,Scartella poiti,blennies,Actinopterygii,bony fishes
185144,Scartella springeri,blennies,Actinopterygii,bony fishes
179081,Springeratus polyporatus,blennies,Actinopterygii,bony fishes
183853,Starksia galapagensis,blennies,Actinopterygii,bony fishes
192594,Conus allaryi,cone_snails,Mollusca,cone snails
192684,Conus anabathrum,cone_snails,Mollusca,cone snails
192852,Conus ardisiaceus,cone_snails,Mollusca,cone snails
192744,Conus ateralbus,cone_snails,Mollusca,cone snails
192523,Conus atlanticoselvagem,cone_snails,Mollusca,cone snails
192716,Conus aurantius,cone_snails,Mollusca,cone snails
192556,Conus belairensis,cone_snails,Mollusca,cone snails
192795,Conus boschorum,cone_snails,Mollusca,cone snails
192522,Conus bruguieresi,cone_snails,Mollusca,cone snails
15307977,Conus cacao,cone_snails,Mollusca,cone snails
192871,Conus cardinalis,cone_snails,Mollusca,cone snails
5270,Conus cepasi,cone_snails,Mollusca,cone snails
192687,Conus cloveri,cone_snails,Mollusca,cone snails
192435,Conus compressus,cone_snails,Mollusca,cone snails
192544,Conus crotchii,cone_snails,Mollusca,cone snails
192403,Conus cuneolus,cone_snails,Mollusca,cone snails
192535,Conus curassaviensis,cone_snails,Mollusca,cone snails
192348,Conus curralensis,cone_snails,Mollusca,cone snails
192878,Conus cuvieri,cone_snails,Mollusca,cone snails
192350,Conus decoratus,cone_snails,Mollusca,cone snails
15307967,Conus denizi,cone_snails,Mollusca,cone snails
192469,Conus derrubado,cone_snails,Mollusca,cone snails
192584,Conus diminutus,cone_snails,Mollusca,cone snails
192358,Conus dorotheae,cone_snails,Mollusca,cone snails
192388,Conus duffyi,cone_snails,Mollusca,cone snails
192487,Conus echinophilus,cone_snails,Mollusca,cone snails
192368,Conus evorai,cone_snails,Mollusca,cone snails
192256,Conus explorator,cone_snails,Mollusca,cone snails
192438,Conus felitae,cone_snails,Mollusca,cone snails
192823,Conus fernandesi,cone_snails,Mollusca,cone snails
192572,Conus fontonae,cone_snails,Mollusca,cone snails
192272,Conus gauguini,cone_snails,Mollusca,cone snails
192613,Conus guinaicus,cone_snails,Mollusca,cone snails
192412,Conus henckesi,cone_snails,Mollusca,cone snails
192437,Conus hennequini,cone_snails,Mollusca,cone snails
192768,Conus hieroglyphus,cone_snails,Mollusca,cone snails
192709,Conus hybridus,cone_snails,Mollusca,cone snails
192541,Conus immelmani,cone_snails,Mollusca,cone snails
192314,Conus jeanmartini,cone_snails,Mollusca,cone snails
192475,Conus josephinae,cone_snails,Mollusca,cone snails
192406,Conus julii,cone_snails,Mollusca,cone snails
192354,Conus kersteni,cone_snails,Mollusca,cone snails
192643,Conus kirkandersi,cone_snails,Mollusca,cone snails
192286,Conus lugubris,cone_snails,Mollusca,cone snails
192284,Conus luquei,cone_snails,Mollusca,cone snails
192715,Conus melvilli,cone_snails,Mollusca,cone snails
192497,Conus mercator,cone_snails,Mollusca,cone snails
192626,Conus mordeirae,cone_snails,Mollusca,cone snails
192485,Conus navarroi,cone_snails,Mollusca,cone snails
192429,Conus nielsenae,cone_snails,Mollusca,cone snails
5272,Conus nobrei,cone_snails,Mollusca,cone snails
192698,Conus rawaiensis,cone_snails,Mollusca,cone snails
192785,Conus regonae,cone_snails,Mollusca,cone snails
192658,Conus richardbinghami,cone_snails,Mollusca,cone snails
192602,Conus salreiensis,cone_snails,Mollusca,cone snails
192610,Conus saragasae,cone_snails,Mollusca,cone snails
192532,Conus stearnsii,cone_snails,Mollusca,cone snails
192514,Conus tacomae,cone_snails,Mollusca,cone snails
192499,Conus taslei,cone_snails,Mollusca,cone snails
192530,Conus teodorae,cone_snails,Mollusca,cone snails
192349,Conus terryni,cone_snails,Mollusca,cone snails
192503,Conus thevenardensis,cone_snails,Mollusca,cone snails
192343,Conus trencarti,cone_snails,Mollusca,cone snails
192703,Conus trochulus,cone_snails,Mollusca,cone snails
192748,Conus unifasciatus,cone_snails,Mollusca,cone snails
192492,Conus xicoi,cone_snails,Mollusca,cone snails
5273,Conus zebroides,cone_snails,Mollusca,cone snails
176770,Aipysurus apraefrontalis,seasnakes,Reptilia,marine reptiles
176714,Aipysurus foliosquama,seasnakes,Reptilia,marine reptiles
176763,Aipysurus fuscus,seasnakes,Reptilia,marine reptiles
176712,Hydrophis pacificus,seasnakes,Reptilia,marine reptiles
176736,Laticauda frontalis,seasnakes,Reptilia,marine reptiles
176739,Laticauda guineai,seasnakes,Reptilia,marine reptiles
176740,Laticauda schistorhynchus,seasnakes,Reptilia,marine reptiles
176721,Laticauda semifasciata,seasnakes,Reptilia,marine reptiles
170322,Kajikia albida,tunas_and_billfishes,Actinopterygii,bony fishes
170309,Kajikia audax,tunas_and_billfishes,Actinopterygii,bony fishes
170314,Makaira nigricans,tunas_and_billfishes,Actinopterygii,bony fishes
170316,Scomberomorus commerson,tunas_and_billfishes,Actinopterygii,bony fishes
20047,Scomberomorus concolor,tunas_and_billfishes,Actinopterygii,bony fishes
170330,Scomberomorus munroi,tunas_and_billfishes,Actinopterygii,bony fishes
21856,Thunnus alalunga,tunas_and_billfishes,Actinopterygii,bony fishes
21857,Thunnus albacares,tunas_and_billfishes,Actinopterygii,bony fishes
21858,Thunnus maccoyii,tunas_and_billfishes,Actinopterygii,bony fishes
21859,Thunnus obesus,tunas_and_billfishes,Actinopterygii,bony fishes
170341,Thunnus orientalis,tunas_and_billfishes,Actinopterygii,bony fishes
21860,Thunnus thynnus,tunas_and_billfishes,Actinopterygii,bony fishes
165717,Chaetodon rainfordi,butterfly_fishes,Actinopterygii,bony fishes
165712,Chaetodon trifascialis,butterfly_fishes,Actinopterygii,bony fishes
165658,Prognathodes carlhubbsi,butterfly_fishes,Actinopterygii,bony fishes
132722,Epinephelus aeneus,groupers,Actinopterygii,bony fishes
43974,Epinephelus akaara,groupers,Actinopterygii,bony fishes
44677,Epinephelus albomarginatus,groupers,Actinopterygii,bony fishes
44678,Epinephelus andersoni,groupers,Actinopterygii,bony fishes
135381188,Epinephelus bruneus,groupers,Actinopterygii,bony fishes
61337,Epinephelus daemelii,groupers,Actinopterygii,bony fishes
44673,Epinephelus fuscoguttatus,groupers,Actinopterygii,bony fishes
132765,Epinephelus goreensis,groupers,Actinopterygii,bony fishes
195409,Epinephelus itajara,groupers,Actinopterygii,bony fishes
7859,Epinephelus marginatus,groupers,Actinopterygii,bony fishes
44681,Epinephelus morio,groupers,Actinopterygii,bony fishes
61339,Epinephelus polyphekadion,groupers,Actinopterygii,bony fishes
7862,Epinephelus striatus,groupers,Actinopterygii,bony fishes
132730,Hyporthodus acanthistius,groupers,Actinopterygii,bony fishes
132795,Hyporthodus ergastularius,groupers,Actinopterygii,bony fishes
64400,Hyporthodus flavolimbatus,groupers,Actinopterygii,bony fishes
7860,Hyporthodus nigritus,groupers,Actinopterygii,bony fishes
7861,Hyporthodus niveatus,groupers,Actinopterygii,bony fishes
132724,Mycteroperca bonaci,groupers,Actinopterygii,bony fishes
64409,Mycteroperca fusca,groupers,Actinopterygii,bony fishes
64410,Mycteroperca interstitialis,groupers,Actinopterygii,bony fishes
14049,Mycteroperca jordani,groupers,Actinopterygii,bony fishes
14050,Mycteroperca microlepis,groupers,Actinopterygii,bony fishes
14051,Mycteroperca olfax,groupers,Actinopterygii,bony fishes
44683,Mycteroperca venenosa,groupers,Actinopterygii,bony fishes
64411,Plectropomus areolatus,groupers,Actinopterygii,bony fishes
118360372,Plectropomus marisrubri,groupers,Actinopterygii,bony fishes
193786,Arothron inconditus,pufferfishes,Actinopterygii,bony fishes
193751,Canthigaster cyanetron,pufferfishes,Actinopterygii,bony fishes
193706,Canthigaster marquesensis,pufferfishes,Actinopterygii,bony fishes
3764,Canthigaster rapaensis,pufferfishes,Actinopterygii,bony fishes
193802,Canthigaster sanctaehelenae,pufferfishes,Actinopterygii,bony fishes
193734,Chelonodon pleurospilus,pufferfishes,Actinopterygii,bony fishes
193605,Takifugu chinensis,pufferfishes,Actinopterygii,bony fishes
193666,Takifugu flavidus,pufferfishes,Actinopterygii,bony fishes
167006,Takifugu ocellatus,pufferfishes,Actinopterygii,bony fishes
193654,Takifugu plagiocellatus,pufferfishes,Actinopterygii,bony fishes
193612,Takifugu rubripes,pufferfishes,Actinopterygii,bony fishes
193598,Takifugu vermicularis,pufferfishes,Actinopterygii,bony fishes
177966,Acanthurus chronixis,surgeonfishes,Actinopterygii,bony fishes
22694852,Alca torda,birds,Aves,sea birds
22697752,Aptenodytes forsteri,birds,Aves,sea birds
22698182,Ardenna bulleri,birds,Aves,sea birds
22698188,Ardenna carneipes,birds,Aves,sea birds
22698195,Ardenna creatopus,birds,Aves,sea birds
22698209,Ardenna grisea,birds,Aves,sea birds
22694875,Brachyramphus brevirostris,birds,Aves,sea birds
22694870,Brachyramphus marmoratus,birds,Aves,sea birds
22729000,Brachyramphus perdix,birds,Aves,sea birds
22698136,Bulweria fallax,birds,Aves,sea birds
22729421,Calonectris edwardsii,birds,Aves,sea birds
22698172,Calonectris leucomelas,birds,Aves,sea birds
22694750,Chlidonias albostriatus,birds,Aves,sea birds
22680427,Clangula hyemalis,birds,Aves,sea birds
22698310,Diomedea amsterdamensis,birds,Aves,sea birds
22728318,Diomedea antipodensis,birds,Aves,sea birds
22728364,Diomedea dabbenena,birds,Aves,sea birds
22698314,Diomedea epomophora,birds,Aves,sea birds
22698305,Diomedea exulans,birds,Aves,sea birds
22728323,Diomedea sanfordi,birds,Aves,sea birds
22735250,Eudyptes chrysocome,birds,Aves,sea birds
22697793,Eudyptes chrysolophus,birds,Aves,sea birds
22734408,Eudyptes moseleyi,birds,Aves,sea birds
22697776,Eudyptes pachyrhynchus,birds,Aves,sea birds
22697782,Eudyptes robustus,birds,Aves,sea birds
22697797,Eudyptes schlegeli,birds,Aves,sea birds
22697789,Eudyptes sclateri,birds,Aves,sea birds
22694927,Fratercula arctica,birds,Aves,sea birds
22697742,Fregata andrewsi,birds,Aves,sea birds
22697728,Fregata aquila,birds,Aves,sea birds
22728808,Fregetta maoriana,birds,Aves,sea birds
22697847,Gavia adamsii,birds,Aves,sea birds
132441735,Hydrobates cheimomnestes,birds,Aves,sea birds
22698562,Hydrobates homochroa,birds,Aves,sea birds
22698567,Hydrobates hornbyi,birds,Aves,sea birds
132438298,Hydrobates leucorhous,birds,Aves,sea birds
22698530,Hydrobates macrodactylus,birds,Aves,sea birds
22698543,Hydrobates markhami,birds,Aves,sea birds
22698548,Hydrobates matsudairae,birds,Aves,sea birds
22698520,Hydrobates monorhis,birds,Aves,sea birds
22735624,Hydrobates monteiroi,birds,Aves,sea birds
132450926,Hydrobates socorroensis,birds,Aves,sea birds
22694834,Larosterna inca,birds,Aves,sea birds
22694286,Larus atlanticus,birds,Aves,sea birds
22694452,Larus fuliginosus,birds,Aves,sea birds
22694296,Larus heermanni,birds,Aves,sea birds
22696810,Leucocarbo bougainvilliorum,birds,Aves,sea birds
22696840,Leucocarbo campbelli,birds,Aves,sea birds
22696846,Leucocarbo carunculatus,birds,Aves,sea birds
22696853,Leucocarbo chalconotus,birds,Aves,sea birds
22696869,Leucocarbo colensoi,birds,Aves,sea birds
22696861,Leucocarbo onslowi,birds,Aves,sea birds
22696876,Leucocarbo ranfurlyi,birds,Aves,sea birds
22697800,Megadyptes antipodes,birds,Aves,sea birds
22732425,Melanitta americana,birds,Aves,sea birds
22724836,Melanitta fusca,birds,Aves,sea birds
22696730,Microcarbo coronatus,birds,Aves,sea birds
22696668,Morus capensis,birds,Aves,sea birds
22696756,Nannopterum harrisi,birds,Aves,sea birds
22698471,Nesofregetta fuliginosa,birds,Aves,sea birds
22694716,Onychoprion aleuticus,birds,Aves,sea birds
104062579,Pachyptila macgillivrayi,birds,Aves,sea birds
22694473,Pagophila eburnea,birds,Aves,sea birds
22696649,Papasula abbotti,birds,Aves,sea birds
22698280,Pelecanoides garnotii,birds,Aves,sea birds
22697619,Pelecanus thagus,birds,Aves,sea birds
22696806,Phalacrocorax capensis,birds,Aves,sea birds
22696907,Phalacrocorax featherstoni,birds,Aves,sea birds
22696766,Phalacrocorax neglectus,birds,Aves,sea birds
22696802,Phalacrocorax nigrogularis,birds,Aves,sea birds
22698335,Phoebastria albatrus,birds,Aves,sea birds
22698365,Phoebastria immutabilis,birds,Aves,sea birds
22698320,Phoebastria irrorata,birds,Aves,sea birds
22698350,Phoebastria nigripes,birds,Aves,sea birds
22698431,Phoebetria fusca,birds,Aves,sea birds
22698448,Phoebetria palpebrata,birds,Aves,sea birds
22696606,Podiceps auritus,birds,Aves,sea birds
22696898,Poikilocarbo gaimardi,birds,Aves,sea birds
22680415,Polysticta stelleri,birds,Aves,sea birds
22698140,Procellaria aequinoctialis,birds,Aves,sea birds
22698159,Procellaria cinerea,birds,Aves,sea birds
22728437,Procellaria conspicillata,birds,Aves,sea birds
22698150,Procellaria parkinsoni,birds,Aves,sea birds
22698155,Procellaria westlandica,birds,Aves,sea birds
22697896,Pseudobulweria aterrima,birds,Aves,sea birds
22697913,Pseudobulweria becki,birds,Aves,sea birds
22697935,Pseudobulweria macgillivrayi,birds,Aves,sea birds
22697925,Pseudobulweria rostrata,birds,Aves,sea birds
22698001,Pterodroma alba,birds,Aves,sea birds
22698005,Pterodroma arminjoniana,birds,Aves,sea birds
22728442,Pterodroma atrata,birds,Aves,sea birds
22697949,Pterodroma axillaris,birds,Aves,sea birds
22698035,Pterodroma baraui,birds,Aves,sea birds
22697987,Pterodroma brevipes,birds,Aves,sea birds
22698088,Pterodroma cahow,birds,Aves,sea birds
22698097,Pterodroma caribbaea,birds,Aves,sea birds
22697957,Pterodroma cervicalis,birds,Aves,sea birds
22697975,Pterodroma cookii,birds,Aves,sea birds
22697990,Pterodroma defilippiana,birds,Aves,sea birds
22736135,Pterodroma deserta,birds,Aves,sea birds
22698030,Pterodroma externa,birds,Aves,sea birds
22728011,Pterodroma feae,birds,Aves,sea birds
22698092,Pterodroma hasitata,birds,Aves,sea birds
22698084,Pterodroma incerta,birds,Aves,sea birds
22697963,Pterodroma inexpectata,birds,Aves,sea birds
22697970,Pterodroma leucoptera,birds,Aves,sea birds
22697997,Pterodroma longirostris,birds,Aves,sea birds
22698062,Pterodroma madeira,birds,Aves,sea birds
22698049,Pterodroma magentae,birds,Aves,sea birds
22698020,Pterodroma phaeopygia,birds,Aves,sea birds
22697984,Pterodroma pycrofti,birds,Aves,sea birds
22698017,Pterodroma sandwichensis,birds,Aves,sea birds
22698042,Pterodroma solandri,birds,Aves,sea birds
22694903,Ptychoramphus aleuticus,birds,Aves,sea birds
22698235,Puffinus auricularis,birds,Aves,sea birds
22698272,Puffinus bannermani,birds,Aves,sea birds
45354718,Puffinus bryani,birds,Aves,sea birds
22698277,Puffinus heinrothi,birds,Aves,sea birds
22698252,Puffinus huttoni,birds,Aves,sea birds
22728432,Puffinus mauretanicus,birds,Aves,sea birds
132468585,Puffinus myrtae,birds,Aves,sea birds
132467692,Puffinus newelli,birds,Aves,sea birds
22698246,Puffinus opisthomelas,birds,Aves,sea birds
22698230,Puffinus yelkouan,birds,Aves,sea birds
22694502,Rissa brevirostris,birds,Aves,sea birds
22694497,Rissa tridactyla,birds,Aves,sea birds
22694436,Saundersilarus saundersi,birds,Aves,sea birds
22680412,Somateria fischeri,birds,Aves,sea birds
22680405,Somateria mollissima,birds,Aves,sea birds
22697810,Spheniscus demersus,birds,Aves,sea birds
22697817,Spheniscus humboldti,birds,Aves,sea birds
22697822,Spheniscus magellanicus,birds,Aves,sea birds
22697825,Spheniscus mendiculus,birds,Aves,sea birds
22694607,Sterna striata,birds,Aves,sea birds
22694641,Sterna virgata,birds,Aves,sea birds
22694699,Sternula balaenarum,birds,Aves,sea birds
22694685,Sternula lorata,birds,Aves,sea birds
22694691,Sternula nereis,birds,Aves,sea birds
22694887,Synthliboramphus craveri,birds,Aves,sea birds
62101215,Synthliboramphus hypoleucus,birds,Aves,sea birds
62101249,Synthliboramphus scrippsi,birds,Aves,sea birds
22694899,Synthliboramphus wumizusume,birds,Aves,sea birds
22680038,Tachyeres leucocephalus,birds,Aves,sea birds
22728328,Thalassarche bulleri,birds,Aves,sea birds
22728372,Thalassarche carteri,birds,Aves,sea birds
22729604,Thalassarche cauta,birds,Aves,sea birds
22698425,Thalassarche chlororhynchos,birds,Aves,sea birds
22698398,Thalassarche chrysostoma,birds,Aves,sea birds
22698393,Thalassarche eremita,birds,Aves,sea birds
22728349,Thalassarche impavida,birds,Aves,sea birds
22698388,Thalassarche salvini,birds,Aves,sea birds
22729609,Thalassarche steadi,birds,Aves,sea birds
22694585,Thalasseus bernsteini,birds,Aves,sea birds
22694552,Thalasseus elegans,birds,Aves,sea birds
5659,Crocodylus acutus,crocodiles_and_alligators,Reptilia,marine reptiles
161555,Acroteriobatus leucospilus,sharks_and_rays,Chondrichthyes,sharks and rays
60172,Acroteriobatus salalah,sharks_and_rays,Chondrichthyes,sharks and rays
161476,Acroteriobatus variegatus,sharks_and_rays,Chondrichthyes,sharks and rays
60176,Acroteriobatus zanzibarensis,sharks_and_rays,Chondrichthyes,sharks and rays
60119,Aetobatus flagellum,sharks_and_rays,Chondrichthyes,sharks and rays
39415,Aetobatus narinari,sharks_and_rays,Chondrichthyes,sharks and rays
42566169,Aetobatus ocellatus,sharks_and_rays,Chondrichthyes,sharks and rays
60120,Aetomylaeus maculatus,sharks_and_rays,Chondrichthyes,sharks and rays
104023514,Aetomylaeus milvus,sharks_and_rays,Chondrichthyes,sharks and rays
84784918,Aetomylaeus nichofii,sharks_and_rays,Chondrichthyes,sharks and rays
60121,Aetomylaeus vespertilio,sharks_and_rays,Chondrichthyes,sharks and rays
161597,Alopias pelagicus,sharks_and_rays,Chondrichthyes,sharks and rays
161696,Alopias superciliosus,sharks_and_rays,Chondrichthyes,sharks and rays
39339,Alopias vulpinus,sharks_and_rays,Chondrichthyes,sharks and rays
161542,Amblyraja radiata,sharks_and_rays,Chondrichthyes,sharks and rays
39389,Anoxypristis cuspidata,sharks_and_rays,Chondrichthyes,sharks and rays
60179,Aptychotrema timorensis,sharks_and_rays,Chondrichthyes,sharks and rays
161736,Atelomycterus baliensis,sharks_and_rays,Chondrichthyes,sharks and rays
41730,Atelomycterus marmoratus,sharks_and_rays,Chondrichthyes,sharks and rays
44575,Atlantoraja castelnaui,sharks_and_rays,Chondrichthyes,sharks and rays
61398,Atlantoraja cyclophora,sharks_and_rays,Chondrichthyes,sharks and rays
63110,Atlantoraja platana,sharks_and_rays,Chondrichthyes,sharks and rays
63102,Bathyraja albomaculata,sharks_and_rays,Chondrichthyes,sharks and rays
63106,Bathyraja cousseauae,sharks_and_rays,Chondrichthyes,sharks and rays
63113,Bathyraja griseocauda,sharks_and_rays,Chondrichthyes,sharks and rays
161659,Bathyraja irrasa,sharks_and_rays,Chondrichthyes,sharks and rays
161529,Bathyraja maccaini,sharks_and_rays,Chondrichthyes,sharks and rays
63117,Bathyraja macloviana,sharks_and_rays,Chondrichthyes,sharks and rays
63144,Bathyraja multispinis,sharks_and_rays,Chondrichthyes,sharks and rays
161391,Bathyraja murrayi,sharks_and_rays,Chondrichthyes,sharks and rays
63145,Bathyraja scaphiops,sharks_and_rays,Chondrichthyes,sharks and rays
161366,Bathyraja spinicauda,sharks_and_rays,Chondrichthyes,sharks and rays
44577,Benthobatis kreffti,sharks_and_rays,Chondrichthyes,sharks and rays
161624,Benthobatis yangi,sharks_and_rays,Chondrichthyes,sharks and rays
161669,Beringraja pulchra,sharks_and_rays,Chondrichthyes,sharks and rays
39335,Brachaelurus colcloughi,sharks_and_rays,Chondrichthyes,sharks and rays
104176764,Brevitrygon walga,sharks_and_rays,Chondrichthyes,sharks and rays
44228,Bythaelurus hispidus,sharks_and_rays,Chondrichthyes,sharks and rays
161378,Carcharhinus acronotus,sharks_and_rays,Chondrichthyes,sharks and rays
161526,Carcharhinus albimarginatus,sharks_and_rays,Chondrichthyes,sharks and rays
40797,Carcharhinus amblyrhynchoides,sharks_and_rays,Chondrichthyes,sharks and rays
39365,Carcharhinus amblyrhynchos,sharks_and_rays,Chondrichthyes,sharks and rays
39367,Carcharhinus borneensis,sharks_and_rays,Chondrichthyes,sharks and rays
41741,Carcharhinus brachyurus,sharks_and_rays,Chondrichthyes,sharks and rays
39368,Carcharhinus brevipinna,sharks_and_rays,Chondrichthyes,sharks and rays
70680197,Carcharhinus dussumieri,sharks_and_rays,Chondrichthyes,sharks and rays
39370,Carcharhinus falciformis,sharks_and_rays,Chondrichthyes,sharks and rays
39369,Carcharhinus hemiodon,sharks_and_rays,Chondrichthyes,sharks and rays
39371,Carcharhinus leiodon,sharks_and_rays,Chondrichthyes,sharks and rays
39372,Carcharhinus leucas,sharks_and_rays,Chondrichthyes,sharks and rays
3851,Carcharhinus limbatus,sharks_and_rays,Chondrichthyes,sharks and rays
39374,Carcharhinus longimanus,sharks_and_rays,Chondrichthyes,sharks and rays
41737,Carcharhinus macloti,sharks_and_rays,Chondrichthyes,sharks and rays
39375,Carcharhinus melanopterus,sharks_and_rays,Chondrichthyes,sharks and rays
3852,Carcharhinus obscurus,sharks_and_rays,Chondrichthyes,sharks and rays
60217,Carcharhinus perezi,sharks_and_rays,Chondrichthyes,sharks and rays
3853,Carcharhinus plumbeus,sharks_and_rays,Chondrichthyes,sharks and rays
41738,Carcharhinus sealei,sharks_and_rays,Chondrichthyes,sharks and rays
60219,Carcharhinus signatus,sharks_and_rays,Chondrichthyes,sharks and rays
161376,Carcharhinus sorrah,sharks_and_rays,Chondrichthyes,sharks and rays
70680908,Carcharhinus tjutjot,sharks_and_rays,Chondrichthyes,sharks and rays
3854,Carcharias taurus,sharks_and_rays,Chondrichthyes,sharks and rays
3855,Carcharodon carcharias,sharks_and_rays,Chondrichthyes,sharks and rays
41740,Centrophorus harrissoni,sharks_and_rays,Chondrichthyes,sharks and rays
161442,Centrophorus lusitanicus,sharks_and_rays,Chondrichthyes,sharks and rays
16727327,Centrophorus moluccensis Eastern Australian subpopulation,sharks_and_rays,Chondrichthyes,sharks and rays
41871,Centrophorus squamosus,sharks_and_rays,Chondrichthyes,sharks and rays
41747,Centroscymnus coelolepis,sharks_and_rays,Chondrichthyes,sharks and rays
41749,Centroscymnus owstonii,sharks_and_rays,Chondrichthyes,sharks and rays
42706,Cephaloscyllium albipinnum,sharks_and_rays,Chondrichthyes,sharks and rays
42707,Cephaloscyllium variegatum,sharks_and_rays,Chondrichthyes,sharks and rays
4292,Cetorhinus maximus,sharks_and_rays,Chondrichthyes,sharks and rays
161695,Chaenogaleus macrostoma,sharks_and_rays,Chondrichthyes,sharks and rays
161426,Chiloscyllium arabicum,sharks_and_rays,Chondrichthyes,sharks and rays
41792,Chiloscyllium griseum,sharks_and_rays,Chondrichthyes,sharks and rays
161557,Chiloscyllium hasselti,sharks_and_rays,Chondrichthyes,sharks and rays
41791,Chiloscyllium indicum,sharks_and_rays,Chondrichthyes,sharks and rays
60222,Chiloscyllium plagiosum,sharks_and_rays,Chondrichthyes,sharks and rays
41872,Chiloscyllium punctatum,sharks_and_rays,Chondrichthyes,sharks and rays
63114,Chimaera monstrosa,sharks_and_rays,Chondrichthyes,sharks and rays
6229,Dalatias licha,sharks_and_rays,Chondrichthyes,sharks and rays
161635,Deania quadrispinosa,sharks_and_rays,Chondrichthyes,sharks and rays
61401,Diplobatis colombiensis,sharks_and_rays,Chondrichthyes,sharks and rays
61402,Diplobatis guamachensis,sharks_and_rays,Chondrichthyes,sharks and rays
61403,Diplobatis ommata,sharks_and_rays,Chondrichthyes,sharks and rays
61404,Diplobatis picta,sharks_and_rays,Chondrichthyes,sharks and rays
161637,Dipturus australis,sharks_and_rays,Chondrichthyes,sharks and rays
39397,Dipturus batis,sharks_and_rays,Chondrichthyes,sharks and rays
44607,Dipturus campbelli,sharks_and_rays,Chondrichthyes,sharks and rays
14134315,Dipturus canutus,sharks_and_rays,Chondrichthyes,sharks and rays
161329,Dipturus cerva,sharks_and_rays,Chondrichthyes,sharks and rays
70688138,Dipturus confusus,sharks_and_rays,Chondrichthyes,sharks and rays
60118,Dipturus crosnieri,sharks_and_rays,Chondrichthyes,sharks and rays
195446,Dipturus endeavouri,sharks_and_rays,Chondrichthyes,sharks and rays
161535,Dipturus gudgeri,sharks_and_rays,Chondrichthyes,sharks and rays
39771,Dipturus laevis,sharks_and_rays,Chondrichthyes,sharks and rays
63124,Dipturus mennii,sharks_and_rays,Chondrichthyes,sharks and rays
161729,Dipturus nidarosiensis,sharks_and_rays,Chondrichthyes,sharks and rays
63100,Dipturus oxyrinchus,sharks_and_rays,Chondrichthyes,sharks and rays
63116,Dipturus trachyderma,sharks_and_rays,Chondrichthyes,sharks and rays
44993,Discopyge tschudii,sharks_and_rays,Chondrichthyes,sharks and rays
41810,Eusphyra blochii,sharks_and_rays,Chondrichthyes,sharks and rays
60151,Fontitrygon colarensis,sharks_and_rays,Chondrichthyes,sharks and rays
60153,Fontitrygon geijskesi,sharks_and_rays,Chondrichthyes,sharks and rays
161495,Fontitrygon margarita,sharks_and_rays,Chondrichthyes,sharks and rays
39378,Galeocerdo cuvier,sharks_and_rays,Chondrichthyes,sharks and rays
39352,Galeorhinus galeus,sharks_and_rays,Chondrichthyes,sharks and rays
63149,Galeus atlanticus,sharks_and_rays,Chondrichthyes,sharks and rays
44578,Galeus mincaronei,sharks_and_rays,Chondrichthyes,sharks and rays
104050689,Glaucostegus cemiculus,sharks_and_rays,Chondrichthyes,sharks and rays
60166,Glaucostegus granulatus,sharks_and_rays,Chondrichthyes,sharks and rays
161408,Glaucostegus halavi,sharks_and_rays,Chondrichthyes,sharks and rays
60170,Glaucostegus obtusus,sharks_and_rays,Chondrichthyes,sharks and rays
60175,Glaucostegus thouin,sharks_and_rays,Chondrichthyes,sharks and rays
104061138,Glaucostegus typus,sharks_and_rays,Chondrichthyes,sharks and rays
9281,Glyphis gangeticus,sharks_and_rays,Chondrichthyes,sharks and rays
42712,Glyphis garricki,sharks_and_rays,Chondrichthyes,sharks and rays
39379,Glyphis glyphis,sharks_and_rays,Chondrichthyes,sharks and rays
161611,Glyphis siamensis,sharks_and_rays,Chondrichthyes,sharks and rays
44656,Gurgesiella dorsalifera,sharks_and_rays,Chondrichthyes,sharks and rays
63153,Gymnura altavela,sharks_and_rays,Chondrichthyes,sharks and rays
60117,Gymnura poecilura,sharks_and_rays,Chondrichthyes,sharks and rays
60113,Gymnura zonura,sharks_and_rays,Chondrichthyes,sharks and rays
161488,Halaelurus boesemani,sharks_and_rays,Chondrichthyes,sharks and rays
39345,Haploblepharus edwardsii,sharks_and_rays,Chondrichthyes,sharks and rays
39346,Haploblepharus fuscus,sharks_and_rays,Chondrichthyes,sharks and rays
161667,Haploblepharus kistnasamyi,sharks_and_rays,Chondrichthyes,sharks and rays
41816,Hemigaleus microstoma,sharks_and_rays,Chondrichthyes,sharks and rays
41874,Hemipristis elongata,sharks_and_rays,Chondrichthyes,sharks and rays
199932,Hemiscyllium freycineti,sharks_and_rays,Chondrichthyes,sharks and rays
41875,Hemiscyllium hallstromi,sharks_and_rays,Chondrichthyes,sharks and rays
195438,Hemiscyllium michaeli,sharks_and_rays,Chondrichthyes,sharks and rays
41819,Hemiscyllium strahani,sharks_and_rays,Chondrichthyes,sharks and rays
39353,Hemitriakis leucoperiptera,sharks_and_rays,Chondrichthyes,sharks and rays
60148,Hemitrygon akajei,sharks_and_rays,Chondrichthyes,sharks and rays
41797,Hemitrygon fluviorum,sharks_and_rays,Chondrichthyes,sharks and rays
60155,Hemitrygon izuensis,sharks_and_rays,Chondrichthyes,sharks and rays
161618,Hemitrygon laevigata,sharks_and_rays,Chondrichthyes,sharks and rays
41823,Heptranchias perlo,sharks_and_rays,Chondrichthyes,sharks and rays
161746,Heteronarce garmani,sharks_and_rays,Chondrichthyes,sharks and rays
10030,Hexanchus griseus,sharks_and_rays,Chondrichthyes,sharks and rays
195456,Himantura leoparda,sharks_and_rays,Chondrichthyes,sharks and rays
161692,Himantura uarnak,sharks_and_rays,Chondrichthyes,sharks and rays
161621,Himantura undulata,sharks_and_rays,Chondrichthyes,sharks and rays
161652,Holohalaelurus favus,sharks_and_rays,Chondrichthyes,sharks and rays
161675,Holohalaelurus punctatus,sharks_and_rays,Chondrichthyes,sharks and rays
63104,Hydrolagus mirabilis,sharks_and_rays,Chondrichthyes,sharks and rays
60195,Hydrolagus ogilbyi,sharks_and_rays,Chondrichthyes,sharks and rays
60218,Isogomphodon oxyrhynchus,sharks_and_rays,Chondrichthyes,sharks and rays
39341,Isurus oxyrinchus,sharks_and_rays,Chondrichthyes,sharks and rays
60225,Isurus paucus,sharks_and_rays,Chondrichthyes,sharks and rays
161570,Lamiopsis temminckii,sharks_and_rays,Chondrichthyes,sharks and rays
11200,Lamna nasus,sharks_and_rays,Chondrichthyes,sharks and rays
39350,Leptocharias smithii,sharks_and_rays,Chondrichthyes,sharks and rays
161464,Leucoraja circularis,sharks_and_rays,Chondrichthyes,sharks and rays
161418,Leucoraja erinacea,sharks_and_rays,Chondrichthyes,sharks and rays
161461,Leucoraja fullonica,sharks_and_rays,Chondrichthyes,sharks and rays
61405,Leucoraja melitensis,sharks_and_rays,Chondrichthyes,sharks and rays
161631,Leucoraja ocellata,sharks_and_rays,Chondrichthyes,sharks and rays
107605014,Maculabatis ambigua,sharks_and_rays,Chondrichthyes,sharks and rays
107604987,Maculabatis arabica,sharks_and_rays,Chondrichthyes,sharks and rays
161566,Maculabatis gerrardi,sharks_and_rays,Chondrichthyes,sharks and rays
161540,Maculabatis pastinacoides,sharks_and_rays,Chondrichthyes,sharks and rays
161477,Malacoraja senta,sharks_and_rays,Chondrichthyes,sharks and rays
195459,Mobula alfredi,sharks_and_rays,Chondrichthyes,sharks and rays
198921,Mobula birostris,sharks_and_rays,Chondrichthyes,sharks and rays
41832,Mobula eregoodoo,sharks_and_rays,Chondrichthyes,sharks and rays
126710128,Mobula hypostoma,sharks_and_rays,Chondrichthyes,sharks and rays
110847130,Mobula mobular,sharks_and_rays,Chondrichthyes,sharks and rays
60198,Mobula munkiana,sharks_and_rays,Chondrichthyes,sharks and rays
60199,Mobula tarapacana,sharks_and_rays,Chondrichthyes,sharks and rays
60200,Mobula thurstoni,sharks_and_rays,Chondrichthyes,sharks and rays
39359,Mustelus canis,sharks_and_rays,Chondrichthyes,sharks and rays
44581,Mustelus fasciatus,sharks_and_rays,Chondrichthyes,sharks and rays
63128,Mustelus mento,sharks_and_rays,Chondrichthyes,sharks and rays
161480,Mustelus mosis,sharks_and_rays,Chondrichthyes,sharks and rays
39358,Mustelus mustelus,sharks_and_rays,Chondrichthyes,sharks and rays
60203,Mustelus schmitti,sharks_and_rays,Chondrichthyes,sharks and rays
63129,Mustelus whitneyi,sharks_and_rays,Chondrichthyes,sharks and rays
60124,Myliobatis hamlyni,sharks_and_rays,Chondrichthyes,sharks and rays
60125,Myliobatis longirostris,sharks_and_rays,Chondrichthyes,sharks and rays
61406,Narcine brevilabiata,sharks_and_rays,Chondrichthyes,sharks and rays
63154,Narcine leoparda,sharks_and_rays,Chondrichthyes,sharks and rays
161423,Narcine vermiculatus,sharks_and_rays,Chondrichthyes,sharks and rays
161665,Narke japonica,sharks_and_rays,Chondrichthyes,sharks and rays
41835,Nebrius ferrugineus,sharks_and_rays,Chondrichthyes,sharks and rays
41836,Negaprion acutidens,sharks_and_rays,Chondrichthyes,sharks and rays
39380,Negaprion brevirostris,sharks_and_rays,Chondrichthyes,sharks and rays
60150,Neotrygon annotata,sharks_and_rays,Chondrichthyes,sharks and rays
41876,Odontaspis ferox,sharks_and_rays,Chondrichthyes,sharks and rays
41840,Oxynotus bruniensis,sharks_and_rays,Chondrichthyes,sharks and rays
63141,Oxynotus centrina,sharks_and_rays,Chondrichthyes,sharks and rays
161506,Paragaleus randalli,sharks_and_rays,Chondrichthyes,sharks and rays
70682503,Pastinachus sephen,sharks_and_rays,Chondrichthyes,sharks and rays
161465,Pastinachus solocirostris,sharks_and_rays,Chondrichthyes,sharks and rays
161615,Pateobatis fai,sharks_and_rays,Chondrichthyes,sharks and rays
161598,Pateobatis hortlei,sharks_and_rays,Chondrichthyes,sharks and rays
161744,Pateobatis jenkinsii,sharks_and_rays,Chondrichthyes,sharks and rays
161547,Pateobatis uarnacoides,sharks_and_rays,Chondrichthyes,sharks and rays
161589,Platyrhina sinensis,sharks_and_rays,Chondrichthyes,sharks and rays
44496,Pliotrema warreni,sharks_and_rays,Chondrichthyes,sharks and rays
39348,Poroderma africanum,sharks_and_rays,Chondrichthyes,sharks and rays
39381,Prionace glauca,sharks_and_rays,Chondrichthyes,sharks and rays
39390,Pristis clavata,sharks_and_rays,Chondrichthyes,sharks and rays
43398244,Pristis pectinata Eastern Atlantic subpopulation,sharks_and_rays,Chondrichthyes,sharks and rays
43398250,Pristis pectinata Western Atlantic subpopulation,sharks_and_rays,Chondrichthyes,sharks and rays
43508842,Pristis pristis Eastern Atlantic subpopulation,sharks_and_rays,Chondrichthyes,sharks and rays
43508949,Pristis pristis Eastern Pacific subpopulation,sharks_and_rays,Chondrichthyes,sharks and rays
43508905,Pristis pristis Indo-West Pacific subpopulation,sharks_and_rays,Chondrichthyes,sharks and rays
43508845,Pristis pristis Western Atlantic subpopulation,sharks_and_rays,Chondrichthyes,sharks and rays
39393,Pristis zijsron,sharks_and_rays,Chondrichthyes,sharks and rays
41064,Pseudobatos horkelii,sharks_and_rays,Chondrichthyes,sharks and rays
161743,Pseudobatos lentiginosus,sharks_and_rays,Chondrichthyes,sharks and rays
60168,Pseudobatos leucorhynchus,sharks_and_rays,Chondrichthyes,sharks and rays
161373,Pseudobatos percellens,sharks_and_rays,Chondrichthyes,sharks and rays
60171,Pseudobatos productus,sharks_and_rays,Chondrichthyes,sharks and rays
44617,Pseudoginglymostoma brevicaudatum,sharks_and_rays,Chondrichthyes,sharks and rays
63120,Raja asterias,sharks_and_rays,Chondrichthyes,sharks and rays
161691,Raja brachyura,sharks_and_rays,Chondrichthyes,sharks and rays
39399,Raja clavata,sharks_and_rays,Chondrichthyes,sharks and rays
161459,Raja maderensis,sharks_and_rays,Chondrichthyes,sharks and rays
39400,Raja microocellata,sharks_and_rays,Chondrichthyes,sharks and rays
161339,Raja radula,sharks_and_rays,Chondrichthyes,sharks and rays
161425,Raja undulata,sharks_and_rays,Chondrichthyes,sharks and rays
41848,Rhina ancylostoma,sharks_and_rays,Chondrichthyes,sharks and rays
19488,Rhincodon typus,sharks_and_rays,Chondrichthyes,sharks and rays
161320,Rhinobatos albomaculatus,sharks_and_rays,Chondrichthyes,sharks and rays
60167,Rhinobatos hynnicephalus,sharks_and_rays,Chondrichthyes,sharks and rays
161409,Rhinobatos irvinei,sharks_and_rays,Chondrichthyes,sharks and rays
63167,Rhinobatos jimbaranensis,sharks_and_rays,Chondrichthyes,sharks and rays
63166,Rhinobatos penggali,sharks_and_rays,Chondrichthyes,sharks and rays
161447,Rhinobatos punctifer,sharks_and_rays,Chondrichthyes,sharks and rays
63131,Rhinobatos rhinobatos,sharks_and_rays,Chondrichthyes,sharks and rays
60128,Rhinoptera bonasus,sharks_and_rays,Chondrichthyes,sharks and rays
44595,Rhinoptera brasiliensis,sharks_and_rays,Chondrichthyes,sharks and rays
60129,Rhinoptera javanica,sharks_and_rays,Chondrichthyes,sharks and rays
161463,Rhinoptera marginata,sharks_and_rays,Chondrichthyes,sharks and rays
60130,Rhinoptera steindachneri,sharks_and_rays,Chondrichthyes,sharks and rays
41853,Rhynchobatus australiae,sharks_and_rays,Chondrichthyes,sharks and rays
60181,Rhynchobatus cooki,sharks_and_rays,Chondrichthyes,sharks and rays
39394,Rhynchobatus djiddensis,sharks_and_rays,Chondrichthyes,sharks and rays
104019954,Rhynchobatus immaculatus,sharks_and_rays,Chondrichthyes,sharks and rays
41854,Rhynchobatus laevis,sharks_and_rays,Chondrichthyes,sharks and rays
60180,Rhynchobatus luebberti,sharks_and_rays,Chondrichthyes,sharks and rays
195475,Rhynchobatus palpebratus,sharks_and_rays,Chondrichthyes,sharks and rays
60182,Rhynchobatus springeri,sharks_and_rays,Chondrichthyes,sharks and rays
130391495,Rhynchorhina mauritaniensis,sharks_and_rays,Chondrichthyes,sharks and rays
63109,Rioraja agassizii,sharks_and_rays,Chondrichthyes,sharks and rays
61408,Rostroraja alba,sharks_and_rays,Chondrichthyes,sharks and rays
63155,Rostroraja cervigoni,sharks_and_rays,Chondrichthyes,sharks and rays
44586,Schroederichthys saurisqualus,sharks_and_rays,Chondrichthyes,sharks and rays
39383,Scoliodon laticaudus,sharks_and_rays,Chondrichthyes,sharks and rays
39349,Scyliorhinus capensis,sharks_and_rays,Chondrichthyes,sharks and rays
161484,Scyliorhinus stellaris,sharks_and_rays,Chondrichthyes,sharks and rays
39360,Scylliogaleus quecketti,sharks_and_rays,Chondrichthyes,sharks and rays
46865,Scymnodon plunketi,sharks_and_rays,Chondrichthyes,sharks and rays
60213,Somniosus microcephalus,sharks_and_rays,Chondrichthyes,sharks and rays
44591,Sphyrna corona,sharks_and_rays,Chondrichthyes,sharks and rays
39385,Sphyrna lewini,sharks_and_rays,Chondrichthyes,sharks and rays
39386,Sphyrna mokarran,sharks_and_rays,Chondrichthyes,sharks and rays
60202,Sphyrna tudes,sharks_and_rays,Chondrichthyes,sharks and rays
39388,Sphyrna zygaena,sharks_and_rays,Chondrichthyes,sharks and rays
161496,Spiniraja whitleyi,sharks_and_rays,Chondrichthyes,sharks and rays
91209505,Squalus acanthias,sharks_and_rays,Chondrichthyes,sharks and rays
161360,Squalus chloroculus,sharks_and_rays,Chondrichthyes,sharks and rays
158617,Squalus edmundsi,sharks_and_rays,Chondrichthyes,sharks and rays
42727,Squalus grahami,sharks_and_rays,Chondrichthyes,sharks and rays
161410,Squalus hemipinnis,sharks_and_rays,Chondrichthyes,sharks and rays
161404,Squalus montalbani,sharks_and_rays,Chondrichthyes,sharks and rays
42726,Squalus nasutus,sharks_and_rays,Chondrichthyes,sharks and rays
41861,Squalus rancureli,sharks_and_rays,Chondrichthyes,sharks and rays
61417,Squatina aculeata,sharks_and_rays,Chondrichthyes,sharks and rays
44996,Squatina africana,sharks_and_rays,Chondrichthyes,sharks and rays
42729,Squatina albipunctata,sharks_and_rays,Chondrichthyes,sharks and rays
39329,Squatina argentina,sharks_and_rays,Chondrichthyes,sharks and rays
39328,Squatina californica,sharks_and_rays,Chondrichthyes,sharks and rays
116880357,Squatina david,sharks_and_rays,Chondrichthyes,sharks and rays
161456,Squatina formosa,sharks_and_rays,Chondrichthyes,sharks and rays
130393378,Squatina guggenheim,sharks_and_rays,Chondrichthyes,sharks and rays
161558,Squatina japonica,sharks_and_rays,Chondrichthyes,sharks and rays
161325,Squatina nebulosa,sharks_and_rays,Chondrichthyes,sharks and rays
39331,Squatina occulta,sharks_and_rays,Chondrichthyes,sharks and rays
61418,Squatina oculata,sharks_and_rays,Chondrichthyes,sharks and rays
39332,Squatina squatina,sharks_and_rays,Chondrichthyes,sharks and rays
161525,Squatina tergocellatoides,sharks_and_rays,Chondrichthyes,sharks and rays
71711344,Stegostoma tigrinum Eastern Indonesian-Oceania subpopulation,sharks_and_rays,Chondrichthyes,sharks and rays
71711476,Stegostoma tigrinum Indian Ocean-Southeast Asian subpopulation,sharks_and_rays,Chondrichthyes,sharks and rays
44642,Sympterygia acuta,sharks_and_rays,Chondrichthyes,sharks and rays
39412,Taeniura lymma,sharks_and_rays,Chondrichthyes,sharks and rays
60162,Taeniurops meyeni,sharks_and_rays,Chondrichthyes,sharks and rays
60147,Telatrygon acutirostra,sharks_and_rays,Chondrichthyes,sharks and rays
60160,Telatrygon zugei,sharks_and_rays,Chondrichthyes,sharks and rays
161745,Temera hardwickii,sharks_and_rays,Chondrichthyes,sharks and rays
60131,Torpedo adenensis,sharks_and_rays,Chondrichthyes,sharks and rays
161613,Torpedo suessii,sharks_and_rays,Chondrichthyes,sharks and rays
39384,Triaenodon obesus,sharks_and_rays,Chondrichthyes,sharks and rays
39361,Triakis acutipinna,sharks_and_rays,Chondrichthyes,sharks and rays
63130,Triakis maculata,sharks_and_rays,Chondrichthyes,sharks and rays
39362,Triakis megalopterus,sharks_and_rays,Chondrichthyes,sharks and rays
60085,Trygonoptera testacea,sharks_and_rays,Chondrichthyes,sharks and rays
39413,Urogymnus asperrimus,sharks_and_rays,Chondrichthyes,sharks and rays
161431,Urogymnus granulatus,sharks_and_rays,Chondrichthyes,sharks and rays
161546,Urogymnus lobistomus,sharks_and_rays,Chondrichthyes,sharks and rays
195320,Urogymnus polylepis,sharks_and_rays,Chondrichthyes,sharks and rays
60087,Urolophus aurantiacus,sharks_and_rays,Chondrichthyes,sharks and rays
60088,Urolophus bucculentus,sharks_and_rays,Chondrichthyes,sharks and rays
60095,Urolophus javanicus,sharks_and_rays,Chondrichthyes,sharks and rays
42730,Urolophus kapalensis,sharks_and_rays,Chondrichthyes,sharks and rays
60100,Urolophus orarius,sharks_and_rays,Chondrichthyes,sharks and rays
60104,Urolophus sufflavus,sharks_and_rays,Chondrichthyes,sharks and rays
60105,Urolophus viridis,sharks_and_rays,Chondrichthyes,sharks and rays
161541,Urotrygon reticulata,sharks_and_rays,Chondrichthyes,sharks and rays
161394,Urotrygon simulatrix,sharks_and_rays,Chondrichthyes,sharks and rays
63156,Urotrygon venezuelae,sharks_and_rays,Chondrichthyes,sharks and rays
61419,Zapteryx brevirostris,sharks_and_rays,Chondrichthyes,sharks and rays
63147,Zearaja chilensis,sharks_and_rays,Chondrichthyes,sharks and rays
64442,Zearaja maugeana,sharks_and_rays,Chondrichthyes,sharks and rays
165823,Centropyge nahackyi,angelfishes,Actinopterygii,bony fishes
169676,Chaetodontoplus vanderloosi,angelfishes,Actinopterygii,bony fishes
165861,Holacanthus clarionensis,angelfishes,Actinopterygii,bony fishes
165836,Holacanthus limbaughi,angelfishes,Actinopterygii,bony fishes
170046,Palinurus charlestoni,lobsters,Arthropoda,lobsters
170179,Acanthopagrus chinshira,seabreams_porgies_picarels,Actinopterygii,bony fishes
170199,Acanthopagrus sivicolus,seabreams_porgies_picarels,Actinopterygii,bony fishes
170173,Acanthopagrus vagus,seabreams_porgies_picarels,Actinopterygii,bony fishes
47137303,Archosargus pourtalesii,seabreams_porgies_picarels,Actinopterygii,bony fishes
170231,Argyrozona argyrozona,seabreams_porgies_picarels,Actinopterygii,bony fishes
47137515,Calamus taurinus,seabreams_porgies_picarels,Actinopterygii,bony fishes
170161,Cheimerius matsubarai,seabreams_porgies_picarels,Actinopterygii,bony fishes
170194,Chrysoblephus anglicus,seabreams_porgies_picarels,Actinopterygii,bony fishes
170183,Chrysoblephus cristiceps,seabreams_porgies_picarels,Actinopterygii,bony fishes
170256,Chrysoblephus gibbiceps,seabreams_porgies_picarels,Actinopterygii,bony fishes
170170,Chrysoblephus laticeps,seabreams_porgies_picarels,Actinopterygii,bony fishes
170204,Cymatoceps nasutus,seabreams_porgies_picarels,Actinopterygii,bony fishes
170158,Dentex angolensis,seabreams_porgies_picarels,Actinopterygii,bony fishes
170245,Dentex dentex,seabreams_porgies_picarels,Actinopterygii,bony fishes
59034974,Evynnis cardinalis,seabreams_porgies_picarels,Actinopterygii,bony fishes
170200,Lithognathus aureti,seabreams_porgies_picarels,Actinopterygii,bony fishes
12137,Lithognathus lithognathus,seabreams_porgies_picarels,Actinopterygii,bony fishes
170208,Pachymetopon grande,seabreams_porgies_picarels,Actinopterygii,bony fishes
170244,Pagellus bogaraveo,seabreams_porgies_picarels,Actinopterygii,bony fishes
170247,Petrus rupestris,seabreams_porgies_picarels,Actinopterygii,bony fishes
170184,Polysteganus praeorbitalis,seabreams_porgies_picarels,Actinopterygii,bony fishes
170206,Polysteganus undulosus,seabreams_porgies_picarels,Actinopterygii,bony fishes
170225,Rhabdosargus globiceps,seabreams_porgies_picarels,Actinopterygii,bony fishes
170226,Sparodon durbanensis,seabreams_porgies_picarels,Actinopterygii,bony fishes
170168,Stenotomus chrysops,seabreams_porgies_picarels,Actinopterygii,bony fishes
196016,Eptatretus burgeri,hagfishes,Myxini,hagfishes
196030,Eptatretus longipinnis,hagfishes,Myxini,hagfishes
196038,Eptatretus octatrema,hagfishes,Myxini,hagfishes
196056,Myxine garmani,hagfishes,Myxini,hagfishes
196066,Myxine paucidens,hagfishes,Myxini,hagfishes
196069,Myxine sotoi,hagfishes,Myxini,hagfishes
196072,Nemamyxine kreffti,hagfishes,Myxini,hagfishes
196080,Paramyxine cheni,hagfishes,Myxini,hagfishes
196082,Paramyxine fernholmi,hagfishes,Myxini,hagfishes
196084,Paramyxine nelsoni,hagfishes,Myxini,hagfishes
196087,Paramyxine taiwanae,hagfishes,Myxini,hagfishes
187520,Achoerodus gouldii,wrasses_and_parrotfishes,Actinopterygii,bony fishes
187572,Achoerodus viridis,wrasses_and_parrotfishes,Actinopterygii,bony fishes
187506,Bodianus frenchii,wrasses_and_parrotfishes,Actinopterygii,bony fishes
187495,Bodianus scrofa,wrasses_and_parrotfishes,Actinopterygii,bony fishes
63571,Bolbometopon muricatum,wrasses_and_parrotfishes,Actinopterygii,bony fishes
190711,Chlorurus bowersi,wrasses_and_parrotfishes,Actinopterygii,bony fishes
187425,Conniella apterygia,wrasses_and_parrotfishes,Actinopterygii,bony fishes
187392,Coris bulbifrons,wrasses_and_parrotfishes,Actinopterygii,bony fishes
183771,Halichoeres adustus,wrasses_and_parrotfishes,Actinopterygii,bony fishes
187608,Halichoeres burekae,wrasses_and_parrotfishes,Actinopterygii,bony fishes
183582,Halichoeres discolor,wrasses_and_parrotfishes,Actinopterygii,bony fishes
183625,Halichoeres insularis,wrasses_and_parrotfishes,Actinopterygii,bony fishes
183519,Halichoeres malpelo,wrasses_and_parrotfishes,Actinopterygii,bony fishes
183433,Halichoeres salmofasciatus,wrasses_and_parrotfishes,Actinopterygii,bony fishes
187435,Halichoeres socialis,wrasses_and_parrotfishes,Actinopterygii,bony fishes
187654,Labrus viridis,wrasses_and_parrotfishes,Actinopterygii,bony fishes
11130,Lachnolaimus maximus,wrasses_and_parrotfishes,Actinopterygii,bony fishes
19950,Scarus guacamaia,wrasses_and_parrotfishes,Actinopterygii,bony fishes
190761,Scarus hypselopterus,wrasses_and_parrotfishes,Actinopterygii,bony fishes
190748,Scarus trispinosus,wrasses_and_parrotfishes,Actinopterygii,bony fishes
187479,Tautoga onitis,wrasses_and_parrotfishes,Actinopterygii,bony fishes
183703,Thalassoma robertsoni,wrasses_and_parrotfishes,Actinopterygii,bony fishes
183473,Thalassoma virens,wrasses_and_parrotfishes,Actinopterygii,bony fishes
183305,Xyrichtys victori,wrasses_and_parrotfishes,Actinopterygii,bony fishes
183739,Xyrichtys wellingtoni,wrasses_and_parrotfishes,Actinopterygii,bony fishes
907,Alosa immaculata,clupeiformes,Actinopterygii,bony fishes
154717,Anchoa choerostoma,clupeiformes,Actinopterygii,bony fishes
183720,Opisthonema berlangai,clupeiformes,Actinopterygii,bony fishes
187944,Tenualosa toli,clupeiformes,Actinopterygii,bony fishes
195023,Engraulis anchoita,clupeiformes,Actinopterygii,bony fishes
196674,Neoopisthopterus cubanus,clupeiformes,Actinopterygii,bony fishes
198582,Sardinella maderensis,clupeiformes,Actinopterygii,bony fishes
201946,Alosa aestivalis,clupeiformes,Actinopterygii,bony fishes
75154879,Sardinella lemuru,clupeiformes,Actinopterygii,bony fishes
98842673,Tenualosa macrura,clupeiformes,Actinopterygii,bony fishes
98894402,Coilia mystus,clupeiformes,Actinopterygii,bony fishes
98895427,Coilia nasus,clupeiformes,Actinopterygii,bony fishes
10056,Hippocampus capensis,syngnathiformes,Actinopterygii,bony fishes
10066,Hippocampus erectus,syngnathiformes,Actinopterygii,bony fishes
10070,Hippocampus histrix,syngnathiformes,Actinopterygii,bony fishes
10072,Hippocampus ingens,syngnathiformes,Actinopterygii,bony fishes
10082,Hippocampus reidi,syngnathiformes,Actinopterygii,bony fishes
10087,Hippocampus trimaculatus,syngnathiformes,Actinopterygii,bony fishes
10088,Hippocampus whitei,syngnathiformes,Actinopterygii,bony fishes
40802,Hippocampus barbouri,syngnathiformes,Actinopterygii,bony fishes
41007,Hippocampus algiricus,syngnathiformes,Actinopterygii,bony fishes
41008,Hippocampus comes,syngnathiformes,Actinopterygii,bony fishes
41010,Hippocampus kelloggi,syngnathiformes,Actinopterygii,bony fishes
41030,Syngnathus watermeyeri,syngnathiformes,Actinopterygii,bony fishes
195100,Hippocampus patagonicus,syngnathiformes,Actinopterygii,bony fishes
65365349,Cosmocampus balli,syngnathiformes,Actinopterygii,bony fishes
107259870,Hippocampus spinosissimus,syngnathiformes,Actinopterygii,bony fishes
3897,Caretta caretta,sea_turtles,Reptilia,marine reptiles
4615,Chelonia mydas,sea_turtles,Reptilia,marine reptiles
6494,Dermochelys coriacea,sea_turtles,Reptilia,marine reptiles
8005,Eretmochelys imbricata,sea_turtles,Reptilia,marine reptiles
11533,Lepidochelys kempii,sea_turtles,Reptilia,marine reptiles
11534,Lepidochelys olivacea,sea_turtles,Reptilia,marine reptiles
46967807,Dermochelys coriacea,sea_turtles,Reptilia,marine reptiles
46967817,Dermochelys coriacea,sea_turtles,Reptilia,marine reptiles
46967827,Dermochelys coriacea,sea_turtles,Reptilia,marine reptiles
46967838,Dermochelys coriacea,sea_turtles,Reptilia,marine reptiles
46967863,Dermochelys coriacea,sea_turtles,Reptilia,marine reptiles
83776383,Caretta caretta,sea_turtles,Reptilia,marine reptiles
84126444,Caretta caretta,sea_turtles,Reptilia,marine reptiles
84127873,Caretta caretta,sea_turtles,Reptilia,marine reptiles
84156809,Caretta caretta,sea_turtles,Reptilia,marine reptiles
84189617,Caretta caretta,sea_turtles,Reptilia,marine reptiles
84199475,Caretta caretta,sea_turtles,Reptilia,marine reptiles
